Order_ID,Customer_ID,Age,Category,Product_Price,Discount_%,Quantity,Payment_Method,Delivery_Days,Rating,Returned,Platform,Festival_Sale
10001,602,40,Sports,33640,30,1,UPI,7,,Yes,Web,No
10002,770,18,Home,40150,20,1,UPI,4,4,Yes,Web,Yes
10003,606,25,Electronics,38463,5,2,NetBanking,1,1,Yes,Mobile,No
10004,571,18,Sports,48475,20,3,COD,,4,No,Web,No
10005,688,18,Sports,18942,0,3,Card,1,4,No,Mobile,Yes
10006,520,30,Beauty,11394,0,3,NetBanking,7,,No,Web,Yes
10007,602,22,Beauty,22723,0,4,Card,1,3,No,Mobile,No
10008,621,25,Beauty,33718,30,2,NetBanking,2,,No,Mobile,No
10009,714,35,Electronics,6041,,3,Card,1,,No,Mobile,No
10010,587,35,Electronics,46349,10,4,UPI,10,5,Yes,Mobile,No
10011,599,45,Home,7138,,2,NetBanking,5,5,No,Mobile,No
10012,651,18,Beauty,3562,10,2,Card,10,5,No,Mobile,No
10013,630,,Sports,5296,10,4,Card,5,1,No,Web,Yes
10014,649,30,Fashion,44894,,2,COD,1,3,No,Mobile,No
10015,757,,Home,22464,30,4,NetBanking,,3,No,Mobile,Yes
10016,793,30,Electronics,35895,20,3,Card,,5,No,Web,Yes
10017,691,35,Home,30557,10,4,COD,7,4,Yes,Mobile,Yes
10018,776,45,Home,14511,5,2,Card,,1,No,Web,No
10019,660,45,Home,30753,,3,NetBanking,5,4,Yes,Web,Yes
10020,521,45,Home,5532,,3,UPI,4,2,No,Mobile,Yes
10021,752,25,Fashion,2517,0,1,NetBanking,5,3,Yes,Mobile,No
10022,735,22,Beauty,24529,20,1,NetBanking,10,3,Yes,Web,Yes
10023,548,25,Sports,14532,0,2,Card,1,4,No,Mobile,No
10024,558,40,Home,25913,,4,Card,7,1,No,Web,No
10025,669,40,Home,14326,,4,NetBanking,3,3,Yes,Mobile,No
10026,687,,Home,28854,10,2,COD,7,4,No,Web,Yes
10027,770,22,Beauty,31208,20,3,COD,7,,No,Mobile,Yes
10028,689,35,Electronics,19910,15,2,COD,7,,Yes,Mobile,No
10029,674,22,Electronics,46946,5,2,Card,4,1,No,Web,Yes
10030,550,30,Fashion,39905,10,3,Card,2,4,No,Web,No
10031,554,40,Electronics,7331,,4,NetBanking,10,,No,Web,Yes
10032,743,18,Home,47874,10,2,UPI,1,1,No,Web,No
10033,630,18,Home,25815,5,4,Card,2,5,No,Mobile,No
10034,634,35,Home,36784,,2,NetBanking,3,1,No,Web,No
10035,520,30,Fashion,36482,5,3,NetBanking,2,2,Yes,Web,No
10036,666,,Home,870,15,3,UPI,1,5,No,Mobile,No
10037,773,25,Electronics,32554,10,1,COD,10,4,No,Mobile,No
10038,588,30,Beauty,19588,30,3,NetBanking,10,5,No,Web,No
10039,513,18,Beauty,13588,10,1,NetBanking,1,5,No,Mobile,No
10040,741,18,Sports,30177,0,2,NetBanking,3,4,Yes,Web,Yes
10041,764,,Electronics,19189,20,4,COD,1,4,Yes,Mobile,Yes
10042,552,40,Home,1217,20,3,COD,3,,No,Web,No
10043,591,30,Beauty,10366,0,3,UPI,3,2,No,Mobile,Yes
10044,763,30,Electronics,29804,,3,Card,1,4,Yes,Web,No
10045,534,18,Beauty,7282,20,2,COD,5,3,No,Web,Yes
10046,705,25,Home,39404,5,1,Card,10,3,No,Mobile,No
10047,580,35,Beauty,18362,20,2,Card,3,2,No,Mobile,Yes
10048,549,45,Sports,17299,20,4,COD,1,1,No,Web,No
10049,501,35,Sports,10241,0,2,NetBanking,,1,No,Web,Yes
10050,553,30,Beauty,23770,,4,UPI,5,3,No,Mobile,Yes
10051,605,35,Electronics,45448,15,3,Card,10,4,No,Mobile,Yes
10052,759,18,Electronics,21433,20,4,NetBanking,3,2,No,Mobile,No
10053,690,18,Electronics,44735,30,4,COD,10,1,No,Mobile,Yes
10054,717,,Beauty,4829,20,1,Card,5,1,No,Mobile,No
10055,543,30,Electronics,17819,15,4,Card,10,5,No,Mobile,Yes
10056,661,,Home,12492,0,4,Card,4,3,No,Mobile,Yes
10057,701,30,Sports,8866,15,2,NetBanking,7,4,No,Mobile,No
10058,769,45,Home,7526,0,3,NetBanking,4,2,No,Mobile,No
10059,770,45,Electronics,38230,5,2,NetBanking,5,1,Yes,Web,No
10060,714,40,Home,49658,0,2,Card,3,5,Yes,Mobile,No
10061,751,30,Electronics,21559,5,3,Card,1,3,No,Mobile,No
10062,689,25,Beauty,34387,5,3,UPI,2,3,No,Web,No
10063,795,35,Home,1441,0,4,UPI,1,2,No,Web,No
10064,712,30,Beauty,4927,30,4,NetBanking,10,1,No,Web,No
10065,707,22,Beauty,47569,10,1,NetBanking,2,2,No,Web,No
10066,736,40,Fashion,2990,0,2,COD,2,2,No,Web,No
10067,552,22,Electronics,40391,20,3,NetBanking,10,,Yes,Web,No
10068,779,18,Sports,3555,30,4,UPI,10,5,No,Mobile,Yes
10069,716,45,Electronics,5513,30,3,UPI,3,3,No,Web,Yes
10070,751,35,Sports,37176,20,4,UPI,5,,Yes,Web,No
10071,687,30,Electronics,19704,10,1,Card,,4,No,Web,No
10072,540,22,Beauty,25680,30,1,Card,1,3,No,Mobile,No
10073,656,35,Home,25820,5,3,NetBanking,5,3,Yes,Web,Yes
10074,514,18,Home,19473,10,1,COD,4,5,Yes,Mobile,No
10075,564,45,Fashion,24289,,3,COD,3,4,No,Web,Yes
10076,508,25,Sports,42870,20,4,COD,3,1,No,Web,No
10077,628,40,Sports,24819,10,2,Card,,4,Yes,Mobile,Yes
10078,635,35,Sports,22739,0,1,UPI,4,1,Yes,Mobile,No
10079,562,35,Beauty,11713,10,4,UPI,1,4,No,Web,No
10080,638,25,Sports,15295,5,2,Card,7,2,No,Mobile,Yes
10081,580,35,Home,23859,0,2,COD,4,4,No,Mobile,No
10082,662,18,Beauty,45651,15,2,COD,1,,Yes,Web,No
10083,788,18,Electronics,23813,20,4,NetBanking,2,,No,Web,Yes
10084,760,25,Sports,5321,20,4,NetBanking,10,5,No,Web,No
10085,730,40,Sports,32764,10,3,COD,3,1,No,Mobile,No
10086,540,30,Electronics,21419,30,2,Card,1,3,No,Web,No
10087,527,22,Sports,29599,0,2,COD,5,5,No,Web,Yes
10088,634,30,Electronics,39650,15,2,NetBanking,,,No,Mobile,No
10089,700,35,Beauty,46523,0,3,COD,10,,No,Mobile,No
10090,767,22,Home,25817,20,2,Card,5,1,No,Web,No
10091,532,,Electronics,13417,0,4,UPI,10,,No,Mobile,No
10092,547,25,Fashion,22550,15,2,Card,3,,No,Web,No
10093,561,25,Electronics,19250,30,1,Card,4,1,No,Mobile,Yes
10094,715,40,Sports,17659,10,4,NetBanking,7,,Yes,Web,Yes
10095,792,22,Beauty,23896,5,3,Card,4,3,No,Mobile,No
10096,598,18,Beauty,25830,0,2,Card,1,2,No,Mobile,No
10097,671,22,Electronics,1562,5,1,NetBanking,,5,No,Mobile,Yes
10098,713,35,Home,40450,20,3,NetBanking,4,3,Yes,Mobile,Yes
10099,534,18,Fashion,22915,10,3,UPI,3,3,No,Web,No
10100,726,45,Beauty,3627,,4,COD,,2,No,Mobile,No
10101,600,45,Sports,30068,10,3,Card,1,5,No,Web,Yes
10102,630,,Sports,29150,0,3,NetBanking,2,3,No,Mobile,Yes
10103,756,45,Home,43088,30,3,UPI,4,,No,Mobile,No
10104,504,25,Beauty,17148,10,3,COD,4,2,No,Web,No
10105,717,22,Electronics,47130,0,2,NetBanking,7,5,No,Mobile,No
10106,754,45,Sports,39842,0,2,COD,1,4,No,Mobile,No
10107,782,30,Home,15460,5,2,COD,5,1,No,Web,No
10108,706,40,Beauty,34298,10,2,Card,4,,No,Mobile,No
10109,514,30,Beauty,27530,0,1,Card,3,2,Yes,Web,No
10110,541,45,Beauty,9376,5,2,NetBanking,4,1,No,Mobile,Yes
10111,678,,Beauty,4105,15,3,COD,7,4,No,Mobile,No
10112,562,40,Beauty,31385,,2,NetBanking,2,3,No,Mobile,No
10113,730,35,Sports,15015,5,2,NetBanking,7,3,No,Web,No
10114,740,30,Home,6050,5,4,COD,4,5,No,Mobile,No
10115,551,,Beauty,48695,0,3,NetBanking,,2,Yes,Mobile,No
10116,595,22,Fashion,13532,20,2,COD,5,2,Yes,Mobile,No
10117,721,22,Fashion,36203,20,2,COD,10,5,No,Mobile,Yes
10118,730,30,Home,7253,30,2,COD,4,1,No,Mobile,No
10119,736,45,Electronics,32393,20,1,COD,1,3,Yes,Mobile,No
10120,642,,Electronics,25800,5,2,UPI,4,3,No,Mobile,No
10121,670,22,Electronics,22718,30,4,COD,5,2,No,Mobile,No
10122,528,35,Fashion,34614,0,3,Card,1,2,No,Mobile,No
10123,535,18,Electronics,48525,10,3,Card,3,5,No,Web,No
10124,512,45,Sports,22749,,2,Card,,4,No,Mobile,Yes
10125,659,,Beauty,17778,,2,COD,1,1,No,Web,Yes
10126,686,35,Fashion,35479,5,2,Card,7,,No,Web,No
10127,742,,Home,47181,5,3,UPI,2,4,No,Web,No
10128,585,40,Home,25638,30,3,NetBanking,7,4,No,Mobile,No
10129,783,35,Beauty,27199,0,1,COD,10,2,No,Web,No
10130,565,45,Fashion,4445,15,4,Card,1,2,Yes,Web,Yes
10131,669,40,Electronics,32401,5,1,UPI,3,2,No,Web,No
10132,544,45,Electronics,3075,15,4,NetBanking,4,4,No,Mobile,Yes
10133,561,22,Sports,46261,15,1,UPI,,1,No,Web,No
10134,633,18,Sports,31947,20,3,Card,1,2,No,Mobile,No
10135,783,45,Electronics,45919,0,1,UPI,7,3,No,Web,No
10136,527,45,Home,46138,,4,NetBanking,1,1,No,Web,Yes
10137,607,22,Home,19839,,2,Card,1,3,Yes,Mobile,Yes
10138,543,25,Sports,37038,15,4,NetBanking,1,1,No,Mobile,No
10139,785,22,Beauty,26916,,2,UPI,3,2,No,Web,No
10140,627,40,Electronics,14419,0,3,COD,,,No,Web,No
10141,730,22,Sports,25459,20,4,COD,5,5,No,Web,Yes
10142,689,22,Sports,37399,0,1,COD,5,2,Yes,Mobile,No
10143,724,18,Electronics,10595,5,4,COD,1,4,No,Mobile,No
10144,782,22,Electronics,35010,15,2,NetBanking,3,,Yes,Web,No
10145,620,,Home,24985,0,3,COD,3,4,No,Web,No
10146,615,45,Beauty,49643,,1,NetBanking,10,1,No,Mobile,Yes
10147,732,,Beauty,25779,10,4,Card,1,4,No,Mobile,No
10148,758,18,Electronics,46472,0,2,COD,7,,No,Web,No
10149,697,30,Fashion,33929,15,1,NetBanking,7,,No,Mobile,No
10150,636,25,Sports,42343,20,3,COD,2,2,No,Web,No
10151,664,,Sports,17333,,1,COD,,3,No,Mobile,No
10152,724,18,Electronics,37202,20,3,COD,1,2,No,Web,Yes
10153,733,40,Fashion,44871,15,1,NetBanking,2,1,No,Web,No
10154,671,30,Home,15708,,4,UPI,7,4,No,Web,No
10155,651,18,Electronics,17720,5,2,COD,7,3,No,Mobile,No
10156,659,18,Electronics,16651,,4,COD,1,5,No,Web,Yes
10157,595,25,Sports,4431,5,4,Card,2,,No,Web,No
10158,732,45,Electronics,45125,20,3,UPI,2,3,Yes,Mobile,Yes
10159,679,,Electronics,11649,20,3,NetBanking,1,3,Yes,Web,Yes
10160,612,40,Electronics,44554,15,3,Card,,2,No,Web,No
10161,551,35,Sports,38525,5,4,COD,10,5,Yes,Web,No
10162,767,,Home,39147,20,1,Card,2,,Yes,Mobile,No
10163,794,35,Home,12753,5,1,Card,10,1,No,Mobile,No
10164,612,18,Electronics,19114,20,4,COD,4,1,Yes,Mobile,No
10165,600,22,Sports,18563,,4,UPI,,3,No,Mobile,No
10166,612,40,Home,12458,0,2,UPI,7,3,No,Web,No
10167,580,30,Home,16035,10,3,Card,5,4,No,Mobile,Yes
10168,686,22,Home,16130,,3,COD,,5,No,Mobile,No
10169,612,22,Sports,48193,30,4,NetBanking,10,,No,Mobile,No
10170,501,,Sports,44973,0,4,Card,10,3,No,Web,No
10171,629,40,Electronics,24226,30,1,NetBanking,10,4,No,Web,No
10172,719,45,Beauty,45366,20,4,Card,3,5,No,Web,Yes
10173,553,18,Home,35079,10,1,Card,,,Yes,Mobile,No
10174,723,18,Beauty,3673,10,4,COD,2,1,No,Web,Yes
10175,724,18,Sports,10635,20,2,COD,2,4,No,Web,No
10176,625,18,Sports,24041,20,2,NetBanking,3,5,No,Mobile,Yes
10177,629,,Sports,10992,5,1,NetBanking,2,4,No,Web,No
10178,552,35,Beauty,47595,20,3,UPI,3,3,No,Mobile,No
10179,671,18,Sports,45841,15,2,COD,10,2,No,Mobile,No
10180,717,35,Electronics,34357,20,1,Card,1,1,No,Web,No
10181,659,35,Sports,1747,15,4,Card,,3,No,Mobile,No
10182,697,45,Fashion,19883,20,4,UPI,4,3,Yes,Mobile,No
10183,746,18,Beauty,23065,5,1,COD,10,5,No,Mobile,No
10184,702,25,Fashion,24206,15,3,Card,4,4,No,Mobile,No
10185,683,30,Sports,19867,0,1,UPI,7,1,Yes,Mobile,No
10186,622,22,Electronics,14439,15,1,UPI,10,3,Yes,Mobile,Yes
10187,754,35,Home,46825,,2,Card,5,5,No,Web,No
10188,793,40,Sports,38530,5,1,Card,2,1,No,Mobile,Yes
10189,779,40,Electronics,19820,30,1,NetBanking,5,4,No,Mobile,No
10190,597,30,Beauty,20002,15,4,COD,1,3,No,Mobile,No
10191,697,40,Fashion,25866,,2,NetBanking,4,,Yes,Mobile,No
10192,739,25,Fashion,7957,,4,UPI,,3,No,Web,No
10193,643,40,Fashion,37988,,4,Card,10,3,No,Web,No
10194,596,22,Beauty,30434,20,3,NetBanking,,1,No,Mobile,Yes
10195,700,22,Electronics,10645,,3,UPI,1,1,No,Web,No
10196,623,35,Beauty,41485,20,2,COD,1,1,No,Mobile,Yes
10197,686,18,Fashion,27713,30,2,Card,2,1,No,Mobile,No
10198,758,45,Sports,5508,5,3,NetBanking,1,5,Yes,Mobile,Yes
10199,647,25,Home,33755,10,3,COD,10,2,No,Mobile,No
10200,751,35,Beauty,49981,20,3,NetBanking,10,5,No,Web,No
10201,646,25,Beauty,28318,,3,UPI,,3,No,Web,Yes
10202,647,18,Electronics,46291,,3,COD,,5,No,Mobile,No
10203,698,,Electronics,8380,0,4,NetBanking,4,4,Yes,Mobile,No
10204,627,40,Beauty,22202,,2,COD,10,,Yes,Web,No
10205,538,40,Fashion,9786,5,4,UPI,5,1,Yes,Web,No
10206,628,45,Home,39162,15,4,COD,4,4,No,Mobile,Yes
10207,766,18,Electronics,21458,15,1,NetBanking,2,,No,Web,Yes
10208,650,35,Fashion,40760,,4,UPI,4,4,No,Mobile,No
10209,797,45,Sports,44156,0,3,Card,3,3,No,Web,No
10210,598,18,Electronics,36171,20,3,NetBanking,,1,No,Web,No
10211,762,30,Fashion,35508,5,1,NetBanking,5,4,No,Web,Yes
10212,751,22,Fashion,20819,0,1,UPI,,3,No,Web,Yes
10213,643,45,Home,31679,20,1,UPI,3,1,No,Mobile,No
10214,611,45,Home,28678,5,1,Card,3,2,Yes,Mobile,Yes
10215,559,35,Sports,40192,,1,NetBanking,7,3,Yes,Web,No
10216,501,25,Fashion,14331,15,4,UPI,10,5,No,Mobile,Yes
10217,753,30,Fashion,14836,5,1,Card,2,1,No,Web,Yes
10218,639,35,Home,746,,4,Card,1,4,No,Web,No
10219,536,18,Electronics,36983,30,2,UPI,3,,No,Mobile,No
10220,659,18,Electronics,48855,10,1,NetBanking,4,4,No,Mobile,No
10221,508,18,Beauty,17918,5,1,COD,1,5,No,Mobile,Yes
10222,732,,Home,6887,10,4,COD,4,5,No,Web,No
10223,598,18,Beauty,31780,5,2,Card,,4,No,Mobile,No
10224,646,25,Home,33294,10,4,COD,4,,No,Mobile,No
10225,707,30,Sports,20827,30,4,COD,1,1,Yes,Mobile,No
10226,630,40,Fashion,23869,15,1,UPI,1,3,No,Mobile,No
10227,651,22,Sports,11451,20,3,Card,10,5,No,Web,No
10228,553,25,Home,5858,10,3,NetBanking,4,5,No,Web,No
10229,619,25,Fashion,45039,30,4,Card,2,5,No,Web,No
10230,660,,Electronics,33254,10,1,UPI,10,,No,Web,Yes
10231,615,40,Electronics,47748,15,2,COD,5,2,Yes,Web,No
10232,574,40,Beauty,47627,10,3,NetBanking,7,,No,Web,No
10233,612,22,Home,44137,30,2,Card,5,1,No,Web,No
10234,603,22,Home,35603,,3,COD,2,1,Yes,Mobile,No
10235,753,40,Electronics,35000,30,1,Card,10,1,No,Web,No
10236,726,18,Sports,27800,0,4,NetBanking,7,1,No,Web,No
10237,611,25,Fashion,2332,15,2,Card,10,1,Yes,Web,Yes
10238,598,35,Sports,1552,,2,Card,1,4,No,Web,No
10239,652,22,Sports,5809,0,4,Card,7,5,No,Mobile,No
10240,693,,Electronics,38142,15,2,COD,,,No,Web,No
10241,662,,Electronics,14200,,3,NetBanking,4,4,No,Web,No
10242,707,22,Electronics,14823,10,4,NetBanking,5,,No,Mobile,Yes
10243,668,40,Beauty,2181,,3,COD,7,2,Yes,Web,No
10244,660,30,Sports,33337,30,3,COD,4,3,No,Web,Yes
10245,567,35,Home,1930,0,1,COD,10,5,No,Web,No
10246,788,35,Fashion,21089,10,3,UPI,2,2,No,Web,No
10247,776,22,Beauty,22823,30,1,Card,7,4,No,Web,No
10248,634,18,Home,18258,15,2,Card,4,3,No,Web,No
10249,694,30,Sports,46451,,2,NetBanking,10,2,No,Web,No
10250,627,35,Electronics,49220,30,1,Card,10,,Yes,Mobile,No
10251,532,22,Sports,44152,10,3,UPI,10,3,No,Mobile,No
10252,675,,Fashion,1995,0,4,COD,2,,Yes,Web,No
10253,521,35,Beauty,15121,0,4,NetBanking,1,2,No,Mobile,Yes
10254,737,45,Beauty,3562,,1,NetBanking,2,4,Yes,Web,No
10255,657,30,Fashion,1745,30,2,Card,2,,No,Mobile,No
10256,537,30,Home,16736,10,2,NetBanking,,3,No,Web,Yes
10257,729,45,Home,10249,5,4,COD,5,2,No,Mobile,No
10258,550,25,Beauty,24263,15,1,NetBanking,10,,No,Web,No
10259,763,,Beauty,30232,15,4,COD,4,4,No,Mobile,No
10260,782,45,Electronics,7201,10,3,UPI,7,5,No,Mobile,No
10261,526,40,Home,33787,5,3,UPI,5,4,No,Web,No
10262,725,40,Fashion,8897,0,1,COD,10,4,No,Web,No
10263,776,22,Home,7155,,1,Card,3,5,No,Mobile,Yes
10264,785,30,Electronics,18978,20,3,NetBanking,2,4,No,Mobile,No
10265,596,25,Beauty,8563,20,2,Card,3,5,No,Web,No
10266,783,25,Beauty,47588,,1,NetBanking,10,5,No,Mobile,No
10267,646,35,Electronics,26105,10,3,UPI,5,,No,Web,Yes
10268,503,35,Fashion,26443,5,3,UPI,4,,No,Mobile,Yes
10269,534,45,Beauty,12174,5,2,UPI,5,5,No,Mobile,Yes
10270,691,25,Sports,27829,15,2,NetBanking,,2,No,Web,No
10271,548,45,Beauty,21166,0,2,UPI,4,3,No,Web,No
10272,516,,Sports,14379,30,2,UPI,4,2,No,Web,Yes
10273,671,45,Electronics,7543,5,4,UPI,10,5,No,Mobile,No
10274,719,35,Electronics,30172,,2,UPI,1,3,No,Mobile,No
10275,657,30,Beauty,9318,30,4,Card,10,,No,Mobile,No
10276,545,45,Home,49800,20,1,UPI,2,3,Yes,Web,No
10277,505,18,Sports,12400,30,3,UPI,5,5,No,Mobile,Yes
10278,598,30,Fashion,49759,0,4,Card,4,,No,Mobile,No
10279,732,25,Beauty,20100,,1,Card,10,3,No,Web,Yes
10280,536,25,Fashion,27210,0,1,NetBanking,10,3,No,Mobile,No
10281,779,45,Beauty,29737,30,4,COD,5,2,No,Mobile,No
10282,680,30,Home,37888,10,1,UPI,5,3,No,Web,No
10283,594,35,Home,11301,5,1,UPI,,5,No,Web,No
10284,598,35,Home,46975,,4,UPI,4,1,No,Web,No
10285,687,40,Home,20242,10,1,NetBanking,7,1,No,Web,No
10286,615,25,Electronics,21162,30,2,UPI,,1,No,Web,No
10287,690,22,Electronics,11969,5,2,COD,3,5,Yes,Web,Yes
10288,752,40,Sports,16216,15,3,Card,2,1,No,Web,No
10289,660,35,Fashion,11178,10,1,NetBanking,2,2,No,Web,No
10290,755,30,Beauty,3285,10,3,Card,7,5,No,Web,No
10291,627,,Beauty,32669,30,2,UPI,1,,No,Mobile,No
10292,517,35,Electronics,8412,20,2,UPI,,5,No,Web,No
10293,780,30,Beauty,41535,30,2,UPI,7,5,No,Web,No
10294,722,40,Electronics,19231,10,1,COD,1,3,No,Mobile,No
10295,553,25,Sports,27640,5,1,COD,1,3,No,Web,No
10296,557,35,Fashion,636,20,2,NetBanking,7,3,No,Mobile,Yes
10297,673,45,Sports,43233,30,3,Card,2,4,No,Mobile,No
10298,779,30,Home,19663,,3,UPI,3,2,Yes,Web,No
10299,613,25,Home,45836,30,4,UPI,2,5,No,Mobile,No
10300,787,,Home,4268,10,2,UPI,10,5,Yes,Web,No
10301,650,,Sports,33978,10,3,UPI,2,3,Yes,Web,No
10302,626,22,Beauty,48700,15,2,COD,2,5,No,Mobile,No
10303,654,30,Fashion,16579,30,3,Card,,,No,Mobile,No
10304,772,40,Home,3429,10,4,Card,7,5,No,Mobile,Yes
10305,603,22,Home,38515,,4,NetBanking,7,1,No,Web,No
10306,798,22,Home,39197,0,2,COD,10,,No,Web,No
10307,745,18,Fashion,6150,20,3,UPI,10,,No,Mobile,Yes
10308,675,35,Home,20888,0,1,Card,,5,No,Web,No
10309,538,30,Fashion,40514,20,4,Card,7,4,No,Web,No
10310,669,22,Home,12249,,2,COD,2,3,No,Mobile,No
10311,746,18,Sports,8819,30,2,NetBanking,3,2,No,Mobile,Yes
10312,525,40,Sports,26675,15,3,NetBanking,1,2,No,Mobile,Yes
10313,512,25,Fashion,33382,10,2,UPI,5,1,Yes,Mobile,No
10314,535,45,Sports,12037,10,4,NetBanking,1,2,No,Mobile,Yes
10315,672,45,Fashion,1434,10,2,Card,10,2,No,Mobile,No
10316,519,30,Sports,11238,30,2,NetBanking,10,3,No,Mobile,Yes
10317,763,22,Sports,24786,20,1,UPI,1,3,No,Mobile,No
10318,641,45,Fashion,48656,,1,Card,5,4,Yes,Mobile,Yes
10319,642,35,Beauty,26396,10,4,NetBanking,2,1,Yes,Mobile,Yes
10320,591,45,Sports,41415,0,3,NetBanking,3,2,No,Web,No
10321,787,45,Home,5892,10,1,COD,3,4,Yes,Web,Yes
10322,714,45,Beauty,18408,30,3,UPI,1,1,Yes,Mobile,No
10323,550,,Fashion,17570,,4,NetBanking,5,,No,Web,No
10324,652,18,Beauty,27949,15,1,COD,,2,No,Web,No
10325,685,22,Electronics,11297,,3,Card,10,2,Yes,Web,No
10326,562,35,Electronics,33789,0,1,COD,4,3,No,Web,Yes
10327,689,22,Sports,9404,10,4,COD,2,5,No,Web,Yes
10328,624,,Sports,1170,10,4,NetBanking,,1,Yes,Web,No
10329,649,30,Home,28984,5,1,NetBanking,1,2,No,Mobile,No
10330,557,30,Beauty,39819,20,3,NetBanking,3,1,No,Mobile,No
10331,679,30,Electronics,49949,0,2,COD,10,4,No,Web,No
10332,669,40,Sports,34824,5,2,Card,,4,No,Web,No
10333,770,45,Beauty,31257,,1,UPI,,5,Yes,Mobile,Yes
10334,553,40,Sports,34185,15,3,COD,7,2,No,Web,No
10335,600,18,Sports,44669,20,2,NetBanking,7,3,No,Web,No
10336,763,30,Electronics,35896,0,4,UPI,5,2,No,Web,No
10337,552,,Electronics,30166,10,3,Card,5,1,Yes,Web,No
10338,559,35,Sports,30976,,2,UPI,1,,No,Web,No
10339,607,22,Fashion,48064,0,3,NetBanking,,4,No,Mobile,Yes
10340,504,45,Sports,14178,10,1,COD,4,1,No,Mobile,No
10341,602,25,Sports,40060,20,3,COD,3,5,Yes,Web,No
10342,695,35,Home,27859,10,2,NetBanking,1,4,No,Mobile,No
10343,761,45,Home,46846,15,1,COD,4,3,No,Web,Yes
10344,546,40,Home,7071,,3,NetBanking,10,4,No,Web,Yes
10345,643,40,Fashion,16826,30,4,COD,5,,No,Web,No
10346,768,35,Fashion,30196,10,2,COD,7,2,No,Web,No
10347,623,40,Sports,32223,15,1,COD,2,,No,Web,No
10348,605,30,Home,36503,30,3,Card,,,No,Web,No
10349,657,18,Fashion,39690,,4,Card,10,2,No,Web,No
10350,646,22,Electronics,13152,20,2,NetBanking,7,4,No,Web,No
10351,644,18,Sports,47874,20,4,Card,3,5,Yes,Web,No
10352,619,45,Beauty,43691,,3,NetBanking,3,2,No,Mobile,No
10353,774,22,Sports,2148,,3,UPI,7,2,No,Web,Yes
10354,591,,Beauty,31327,0,1,UPI,10,3,No,Mobile,Yes
10355,557,22,Home,35764,15,4,Card,7,4,No,Mobile,No
10356,728,18,Beauty,34785,15,1,UPI,4,2,No,Web,No
10357,616,35,Home,19756,,2,UPI,1,5,No,Mobile,Yes
10358,778,22,Electronics,9559,5,1,COD,5,1,Yes,Web,Yes
10359,626,,Beauty,35854,5,2,COD,4,4,No,Web,No
10360,628,,Sports,47222,30,3,NetBanking,2,3,Yes,Web,Yes
10361,557,,Home,13709,30,3,UPI,7,,No,Web,No
10362,621,18,Sports,4091,5,4,NetBanking,2,2,No,Mobile,No
10363,500,22,Fashion,26164,,2,NetBanking,2,5,No,Mobile,Yes
10364,738,25,Home,36939,,3,UPI,4,4,No,Web,No
10365,789,35,Beauty,34874,30,4,Card,5,5,Yes,Mobile,Yes
10366,595,30,Home,18188,10,4,UPI,10,5,Yes,Mobile,No
10367,625,22,Sports,19992,,1,COD,3,,No,Mobile,Yes
10368,617,,Electronics,23801,5,4,UPI,1,3,No,Web,Yes
10369,547,25,Home,13604,15,3,Card,,4,No,Mobile,Yes
10370,588,30,Beauty,27827,,1,NetBanking,3,2,No,Mobile,Yes
10371,736,30,Fashion,18374,,2,NetBanking,5,3,No,Mobile,Yes
10372,771,45,Electronics,15849,10,2,COD,,2,No,Web,No
10373,688,22,Fashion,30263,30,3,COD,3,1,No,Mobile,No
10374,691,18,Home,26220,,3,COD,7,5,No,Mobile,No
10375,568,22,Sports,31126,20,1,NetBanking,7,1,No,Web,No
10376,777,25,Sports,36371,0,1,COD,4,5,No,Mobile,No
10377,746,30,Beauty,16361,5,3,UPI,2,,Yes,Web,No
10378,575,22,Sports,29110,20,3,NetBanking,,3,No,Web,No
10379,653,18,Electronics,48266,30,2,Card,5,2,No,Web,No
10380,643,45,Sports,23100,15,2,NetBanking,5,,No,Web,No
10381,585,22,Beauty,43723,0,2,UPI,3,2,No,Web,No
10382,684,35,Home,41992,20,3,UPI,4,3,Yes,Web,No
10383,784,45,Home,10240,0,4,COD,3,4,Yes,Mobile,No
10384,719,18,Sports,4224,5,3,NetBanking,3,1,No,Web,No
10385,568,25,Fashion,28354,30,3,NetBanking,5,1,No,Mobile,No
10386,546,30,Home,10083,,2,NetBanking,3,2,No,Mobile,No
10387,593,22,Sports,37553,15,3,Card,2,2,No,Web,No
10388,737,18,Beauty,45697,30,1,COD,3,2,No,Mobile,No
10389,703,45,Sports,13533,0,3,UPI,,3,No,Mobile,No
10390,717,35,Home,45969,20,3,UPI,2,4,No,Mobile,Yes
10391,538,18,Beauty,24784,5,3,COD,5,1,No,Web,Yes
10392,599,40,Sports,25368,5,3,UPI,4,,No,Mobile,No
10393,788,,Electronics,491,30,4,UPI,7,5,No,Mobile,No
10394,753,35,Beauty,25374,,3,COD,,3,Yes,Web,Yes
10395,721,45,Electronics,5217,20,1,UPI,2,1,No,Mobile,No
10396,522,25,Fashion,38899,,1,NetBanking,4,4,Yes,Mobile,No
10397,749,30,Beauty,26132,,3,Card,4,3,No,Mobile,No
10398,509,45,Electronics,43228,20,2,COD,2,,Yes,Web,Yes
10399,745,,Home,21006,0,4,Card,5,1,No,Mobile,Yes
10400,599,25,Home,13982,30,3,UPI,1,3,No,Mobile,No
10401,789,22,Fashion,27062,30,3,UPI,4,1,No,Web,No
10402,679,18,Beauty,23683,10,3,NetBanking,4,1,Yes,Web,No
10403,722,40,Beauty,28096,30,2,COD,5,4,Yes,Web,No
10404,749,35,Beauty,23966,5,2,UPI,5,5,No,Mobile,No
10405,646,35,Fashion,25962,0,2,COD,3,4,Yes,Web,Yes
10406,595,18,Beauty,45459,20,4,COD,5,1,No,Web,No
10407,756,40,Home,34942,30,1,COD,4,3,No,Web,No
10408,503,18,Electronics,42130,0,4,COD,2,,No,Mobile,No
10409,515,22,Home,37831,30,2,COD,1,4,No,Web,No
10410,779,,Home,10534,20,1,Card,10,5,No,Web,No
10411,746,25,Electronics,9521,15,1,NetBanking,3,1,Yes,Web,No
10412,757,45,Home,11710,20,2,COD,10,,No,Web,No
10413,659,35,Fashion,14819,20,2,Card,2,4,No,Web,No
10414,651,22,Electronics,1351,20,4,UPI,1,4,Yes,Mobile,No
10415,677,25,Home,45293,30,2,COD,1,4,No,Mobile,Yes
10416,662,22,Sports,10065,10,1,UPI,1,4,No,Web,No
10417,532,40,Home,11682,20,3,COD,7,,No,Web,Yes
10418,678,35,Fashion,12880,5,2,Card,2,3,No,Web,Yes
10419,600,45,Beauty,32623,5,2,Card,,5,No,Mobile,No
10420,767,18,Home,45057,0,4,Card,3,5,No,Mobile,Yes
10421,564,18,Beauty,12239,10,4,NetBanking,3,1,No,Mobile,Yes
10422,667,25,Sports,30264,0,2,UPI,1,2,No,Mobile,No
10423,542,45,Home,607,5,1,NetBanking,2,3,No,Web,No
10424,543,,Electronics,3659,,1,COD,7,1,Yes,Web,No
10425,784,30,Beauty,29948,5,3,UPI,1,1,Yes,Web,Yes
10426,511,40,Sports,36244,15,2,Card,5,4,No,Web,Yes
10427,594,25,Electronics,34319,20,4,UPI,,2,No,Mobile,Yes
10428,752,30,Electronics,38434,,1,Card,10,2,No,Web,No
10429,741,22,Electronics,27623,5,3,NetBanking,3,3,Yes,Mobile,Yes
10430,534,40,Electronics,6526,30,2,NetBanking,10,2,No,Mobile,No
10431,714,22,Home,21989,30,1,Card,4,1,No,Web,No
10432,589,,Home,31271,0,2,Card,1,2,No,Mobile,Yes
10433,763,45,Home,26254,,2,COD,5,2,No,Mobile,No
10434,592,35,Sports,24723,0,1,NetBanking,3,5,No,Web,No
10435,589,40,Sports,30691,20,1,NetBanking,10,1,Yes,Mobile,No
10436,614,30,Sports,14630,20,1,COD,,,No,Mobile,Yes
10437,604,,Fashion,5191,15,2,NetBanking,7,2,No,Web,No
10438,695,35,Sports,5292,10,2,Card,2,2,No,Mobile,No
10439,613,18,Home,2261,0,3,UPI,3,4,No,Mobile,No
10440,574,30,Home,12797,20,4,UPI,,2,No,Web,Yes
10441,716,25,Fashion,32851,0,2,NetBanking,10,2,No,Mobile,No
10442,776,18,Fashion,11148,20,4,COD,2,5,No,Web,No
10443,748,,Sports,13555,5,1,Card,10,1,No,Mobile,No
10444,663,18,Beauty,4867,0,2,UPI,2,3,No,Mobile,No
10445,691,25,Fashion,49147,5,3,Card,7,1,Yes,Web,Yes
10446,726,40,Electronics,39581,0,3,NetBanking,7,4,No,Web,Yes
10447,676,18,Home,48303,10,4,NetBanking,1,1,No,Mobile,No
10448,598,45,Electronics,20689,15,1,UPI,1,2,No,Web,Yes
10449,535,30,Home,44823,30,4,NetBanking,3,4,No,Mobile,No
10450,595,35,Home,44219,30,1,COD,7,1,No,Web,Yes
10451,651,18,Fashion,16867,30,3,NetBanking,5,4,Yes,Mobile,No
10452,650,30,Fashion,3658,5,4,NetBanking,10,3,No,Mobile,No
10453,689,22,Electronics,23299,,3,NetBanking,10,1,No,Mobile,No
10454,723,30,Home,42658,20,3,Card,10,,Yes,Mobile,No
10455,536,35,Electronics,11288,30,1,Card,3,2,No,Mobile,No
10456,767,30,Beauty,40746,10,4,UPI,10,4,No,Web,No
10457,682,25,Electronics,31821,30,4,UPI,4,,No,Web,Yes
10458,512,,Sports,5998,0,3,UPI,2,,No,Mobile,No
10459,778,35,Electronics,1573,5,3,NetBanking,10,5,No,Mobile,No
10460,716,,Sports,27843,,1,Card,,4,No,Web,Yes
10461,785,40,Sports,31649,0,2,COD,2,,Yes,Web,No
10462,772,,Sports,11541,,2,NetBanking,1,5,No,Web,Yes
10463,561,22,Beauty,9797,0,3,NetBanking,10,,No,Web,No
10464,583,25,Electronics,42175,0,2,NetBanking,,2,No,Web,Yes
10465,716,40,Electronics,33003,15,2,COD,5,3,No,Mobile,No
10466,686,30,Beauty,44341,15,2,UPI,,5,Yes,Mobile,Yes
10467,518,35,Home,32254,20,2,COD,7,3,No,Web,No
10468,676,22,Fashion,8302,5,3,UPI,7,4,No,Web,No
10469,599,25,Electronics,4547,10,2,COD,1,2,No,Web,No
10470,732,40,Fashion,42288,10,2,Card,4,5,Yes,Web,No
10471,575,40,Beauty,21998,10,1,NetBanking,3,4,No,Web,No
10472,764,22,Home,20038,0,3,NetBanking,3,,No,Web,Yes
10473,783,45,Home,11003,15,4,NetBanking,5,1,Yes,Web,No
10474,705,30,Home,48540,5,4,UPI,1,4,No,Web,Yes
10475,722,22,Beauty,49722,0,1,COD,1,3,No,Web,Yes
10476,551,40,Sports,17870,,1,Card,4,2,No,Mobile,No
10477,643,18,Sports,12692,15,3,COD,10,2,No,Web,Yes
10478,568,25,Fashion,45024,15,4,NetBanking,3,4,No,Web,No
10479,598,22,Sports,32599,30,2,Card,10,,No,Mobile,No
10480,524,45,Sports,15941,30,1,Card,1,1,No,Mobile,No
10481,552,40,Home,14298,5,4,NetBanking,10,3,Yes,Mobile,No
10482,650,30,Home,6605,,3,COD,7,4,No,Web,No
10483,643,,Fashion,33026,5,2,NetBanking,5,4,No,Web,No
10484,556,40,Electronics,19082,5,3,COD,3,2,No,Web,No
10485,538,30,Fashion,13021,0,1,Card,4,3,No,Web,Yes
10486,608,22,Fashion,40063,20,4,Card,5,1,No,Mobile,No
10487,680,30,Beauty,12727,5,4,NetBanking,2,2,No,Web,No
10488,541,35,Beauty,46850,30,4,Card,7,4,No,Web,No
10489,685,35,Fashion,20866,20,4,UPI,4,2,No,Mobile,No
10490,722,35,Fashion,2530,0,2,Card,,2,Yes,Web,No
10491,621,45,Fashion,6811,20,2,UPI,5,5,No,Web,Yes
10492,632,45,Sports,49580,10,3,Card,1,2,No,Web,Yes
10493,662,18,Beauty,42529,,2,NetBanking,2,,No,Web,Yes
10494,714,45,Fashion,26477,20,1,NetBanking,4,2,No,Mobile,Yes
10495,720,,Home,5065,5,1,UPI,1,,No,Mobile,Yes
10496,734,22,Home,20654,0,4,NetBanking,7,3,Yes,Mobile,No
10497,645,40,Sports,24229,,1,Card,,2,No,Mobile,No
10498,738,40,Sports,29120,5,3,Card,2,1,No,Web,No
10499,575,18,Electronics,46340,,2,NetBanking,3,,Yes,Web,Yes
10500,508,45,Electronics,29823,30,2,Card,,,Yes,Web,No
10501,573,,Electronics,5852,10,2,COD,1,4,No,Mobile,No
10502,752,30,Sports,927,30,1,COD,5,3,No,Mobile,No
10503,729,18,Sports,12289,5,2,Card,10,2,Yes,Mobile,No
10504,506,,Sports,14080,5,4,NetBanking,4,1,No,Web,No
10505,673,30,Home,6889,5,4,UPI,2,4,No,Web,No
10506,640,,Sports,35112,15,4,NetBanking,1,3,No,Mobile,No
10507,667,30,Home,28428,10,1,UPI,3,,No,Mobile,Yes
10508,669,25,Electronics,46239,,2,NetBanking,10,1,No,Web,No
10509,782,,Electronics,38952,5,1,Card,4,2,Yes,Web,Yes
10510,621,40,Electronics,28090,5,2,COD,4,5,No,Web,No
10511,693,35,Fashion,41253,,3,NetBanking,1,5,No,Mobile,No
10512,504,45,Fashion,549,30,3,UPI,3,3,No,Mobile,Yes
10513,528,30,Beauty,19609,30,1,COD,7,1,No,Mobile,Yes
10514,664,25,Beauty,26201,5,4,UPI,10,4,No,Mobile,Yes
10515,635,,Beauty,23876,0,1,Card,7,1,No,Web,Yes
10516,644,40,Fashion,31808,15,4,COD,2,,No,Web,Yes
10517,716,35,Fashion,9475,30,2,UPI,1,5,Yes,Web,Yes
10518,631,30,Beauty,25764,0,4,NetBanking,10,3,Yes,Mobile,Yes
10519,791,,Beauty,16560,15,4,Card,2,2,No,Web,Yes
10520,569,,Sports,35740,5,2,Card,,1,Yes,Web,No
10521,751,30,Beauty,29846,10,3,Card,7,5,Yes,Web,No
10522,774,18,Sports,40347,20,2,NetBanking,,4,No,Web,Yes
10523,681,18,Home,41730,20,1,NetBanking,,3,No,Web,No
10524,666,40,Fashion,2287,5,1,COD,10,2,No,Mobile,No
10525,590,35,Beauty,49542,30,1,NetBanking,4,1,No,Web,No
10526,701,30,Fashion,25405,0,1,COD,2,4,Yes,Web,Yes
10527,518,40,Fashion,13248,10,1,Card,,2,No,Mobile,No
10528,538,40,Fashion,13326,,3,COD,3,,No,Mobile,No
10529,625,22,Home,3073,15,3,UPI,5,5,No,Web,No
10530,672,,Electronics,46227,5,4,Card,7,,No,Web,No
10531,640,45,Beauty,10178,10,1,Card,7,5,No,Web,No
10532,741,,Electronics,43246,10,2,COD,3,4,No,Web,No
10533,719,18,Electronics,10677,30,1,Card,10,,No,Mobile,No
10534,625,35,Electronics,7647,15,3,NetBanking,10,5,No,Web,No
10535,557,,Fashion,34076,10,1,UPI,10,3,No,Mobile,No
10536,647,30,Sports,4083,30,3,COD,2,4,No,Web,No
10537,500,40,Fashion,4598,0,4,COD,1,5,No,Web,Yes
10538,689,30,Fashion,4968,30,4,Card,,1,Yes,Web,No
10539,690,22,Electronics,20971,0,4,NetBanking,4,5,No,Mobile,Yes
10540,616,35,Fashion,35120,0,3,Card,5,,No,Web,No
10541,633,40,Electronics,34784,,1,Card,1,3,Yes,Web,No
10542,557,30,Sports,33378,,1,COD,1,2,Yes,Mobile,Yes
10543,543,18,Beauty,47459,10,2,Card,3,2,No,Web,No
10544,672,45,Electronics,21222,30,3,UPI,2,5,No,Mobile,Yes
10545,659,22,Sports,34328,,2,Card,7,2,Yes,Web,No
10546,672,35,Beauty,46225,0,4,Card,7,5,No,Mobile,Yes
10547,648,22,Home,20616,,1,COD,3,3,No,Mobile,No
10548,579,18,Electronics,11760,15,3,Card,2,2,No,Mobile,No
10549,712,35,Electronics,17268,10,2,NetBanking,3,,No,Web,No
10550,702,22,Home,30566,30,2,COD,7,,Yes,Mobile,No
10551,751,25,Home,30509,30,2,Card,1,1,No,Mobile,Yes
10552,728,18,Electronics,24300,20,1,UPI,4,5,Yes,Web,No
10553,663,18,Home,14311,30,1,UPI,,2,No,Mobile,Yes
10554,726,18,Fashion,3166,10,1,COD,10,,Yes,Web,Yes
10555,646,25,Beauty,47433,15,3,COD,2,3,No,Web,Yes
10556,519,25,Beauty,6198,30,1,Card,,3,Yes,Mobile,No
10557,546,30,Beauty,18695,20,3,NetBanking,5,1,No,Mobile,No
10558,732,40,Fashion,39319,10,2,Card,5,3,No,Web,Yes
10559,513,45,Home,38007,0,2,UPI,1,3,Yes,Mobile,Yes
10560,642,22,Sports,4306,5,4,NetBanking,3,2,No,Mobile,Yes
10561,500,30,Home,34693,5,1,NetBanking,3,5,Yes,Mobile,No
10562,553,22,Electronics,11256,0,2,NetBanking,7,4,No,Mobile,No
10563,758,45,Beauty,30963,,1,Card,1,3,No,Web,Yes
10564,643,40,Home,6378,30,3,UPI,7,3,No,Web,No
10565,511,25,Sports,29931,5,2,COD,7,4,No,Mobile,No
10566,723,40,Electronics,30440,,1,Card,5,3,No,Web,No
10567,771,25,Fashion,41991,5,2,COD,7,2,No,Mobile,No
10568,655,45,Fashion,4261,0,2,NetBanking,,2,No,Mobile,No
10569,507,40,Sports,29577,30,1,NetBanking,10,4,No,Mobile,No
10570,621,30,Electronics,41874,30,2,Card,7,,No,Mobile,No
10571,663,35,Beauty,31717,,2,UPI,5,3,No,Web,Yes
10572,589,30,Home,22784,0,2,NetBanking,10,,No,Mobile,No
10573,635,22,Electronics,18403,,2,COD,3,3,No,Web,No
10574,685,30,Fashion,29645,30,3,COD,2,5,No,Mobile,Yes
10575,677,45,Sports,46626,30,2,Card,4,3,No,Web,Yes
10576,527,18,Sports,39754,10,4,COD,7,2,No,Web,No
10577,719,22,Home,1887,,2,UPI,,1,Yes,Web,No
10578,540,40,Sports,42871,10,1,NetBanking,10,1,No,Web,No
10579,727,22,Sports,21331,0,4,COD,2,1,No,Mobile,No
10580,691,35,Electronics,26512,15,3,COD,5,1,No,Web,No
10581,644,25,Beauty,10650,5,4,NetBanking,2,,No,Mobile,Yes
10582,700,40,Home,19116,10,4,Card,4,,No,Web,No
10583,711,,Electronics,20588,5,4,COD,,3,Yes,Web,No
10584,719,22,Beauty,29732,20,1,Card,2,,Yes,Web,Yes
10585,739,40,Electronics,44522,0,1,Card,,3,No,Mobile,Yes
10586,545,40,Electronics,48917,15,1,COD,10,5,Yes,Web,Yes
10587,534,40,Sports,7137,20,3,UPI,2,3,Yes,Mobile,No
10588,752,25,Beauty,34517,20,1,Card,,1,Yes,Mobile,No
10589,581,,Home,21184,30,1,COD,2,4,No,Mobile,No
10590,755,45,Home,5754,20,4,Card,2,4,No,Web,No
10591,696,30,Beauty,9724,0,1,NetBanking,1,2,Yes,Web,Yes
10592,509,40,Sports,37185,10,2,UPI,7,2,No,Web,No
10593,785,18,Fashion,41937,0,1,UPI,5,3,No,Web,No
10594,741,45,Electronics,43918,10,3,NetBanking,4,4,No,Web,No
10595,750,35,Sports,18712,20,3,NetBanking,5,1,No,Web,No
10596,504,25,Beauty,47411,20,2,Card,1,,No,Web,Yes
10597,618,22,Electronics,39913,15,3,NetBanking,1,1,No,Mobile,No
10598,788,25,Home,20442,10,3,UPI,10,1,Yes,Web,No
10599,564,22,Fashion,37692,20,4,NetBanking,1,3,Yes,Mobile,No
10600,645,25,Home,9148,30,2,COD,7,3,No,Mobile,No
10601,723,22,Beauty,49617,5,4,COD,1,5,No,Web,Yes
10602,738,40,Electronics,13436,15,4,Card,2,1,No,Web,No
10603,676,30,Beauty,889,0,1,UPI,5,1,No,Mobile,No
10604,766,22,Electronics,21208,15,2,COD,3,3,No,Mobile,No
10605,781,,Sports,6809,5,1,NetBanking,4,3,No,Web,No
10606,562,22,Fashion,40761,10,1,COD,1,5,No,Mobile,No
10607,716,18,Sports,42522,0,4,COD,5,5,Yes,Mobile,Yes
10608,782,22,Sports,49523,0,3,Card,10,2,No,Mobile,No
10609,676,18,Beauty,44776,10,2,NetBanking,1,4,No,Mobile,No
10610,597,35,Fashion,46010,,3,NetBanking,7,1,No,Web,No
10611,604,40,Electronics,49720,,4,NetBanking,1,1,No,Web,Yes
10612,598,18,Electronics,10268,15,4,Card,1,5,No,Mobile,Yes
10613,505,30,Home,2762,20,4,NetBanking,,5,No,Mobile,Yes
10614,696,45,Electronics,9760,,4,NetBanking,,2,No,Mobile,No
10615,632,40,Beauty,34083,15,4,COD,1,4,No,Web,No
10616,758,18,Sports,9575,,4,COD,10,2,No,Web,No
10617,522,40,Sports,28977,5,3,NetBanking,,4,No,Mobile,No
10618,552,,Sports,13569,30,1,UPI,1,,No,Mobile,No
10619,664,40,Fashion,706,20,3,UPI,4,1,Yes,Mobile,No
10620,701,40,Electronics,7684,15,2,NetBanking,5,2,No,Web,No
10621,582,35,Beauty,22853,30,3,UPI,,5,No,Mobile,No
10622,644,30,Fashion,24666,30,4,Card,,2,No,Mobile,No
10623,584,25,Home,44336,,3,COD,7,,No,Mobile,No
10624,577,25,Beauty,17669,10,1,Card,1,2,No,Mobile,No
10625,500,18,Beauty,12095,5,2,COD,1,1,Yes,Mobile,No
10626,550,40,Beauty,4785,5,3,UPI,1,,Yes,Web,No
10627,672,18,Sports,41969,5,1,UPI,1,5,No,Web,Yes
10628,704,35,Beauty,2918,20,3,NetBanking,,5,No,Web,Yes
10629,759,35,Electronics,30443,0,2,UPI,2,3,No,Mobile,Yes
10630,787,22,Beauty,29725,20,3,UPI,2,,No,Web,No
10631,533,,Sports,22973,15,4,NetBanking,3,3,No,Mobile,Yes
10632,594,35,Beauty,9903,30,3,NetBanking,1,3,Yes,Web,Yes
10633,571,22,Home,39996,30,1,COD,3,1,Yes,Web,Yes
10634,538,30,Home,5668,0,3,UPI,4,2,Yes,Mobile,No
10635,653,18,Sports,4921,15,1,COD,3,5,No,Mobile,No
10636,749,45,Electronics,15019,0,2,COD,5,5,No,Mobile,No
10637,661,30,Electronics,29527,30,3,Card,2,2,Yes,Web,Yes
10638,617,35,Fashion,44194,,2,UPI,2,5,No,Mobile,Yes
10639,758,30,Sports,7866,20,2,UPI,1,2,Yes,Web,No
10640,767,30,Beauty,12606,5,3,Card,,,No,Web,No
10641,553,,Sports,24342,30,1,COD,1,1,No,Web,Yes
10642,735,,Fashion,15386,10,2,UPI,4,1,No,Mobile,Yes
10643,721,,Sports,17687,5,2,COD,7,1,No,Mobile,No
10644,750,30,Sports,27342,30,3,Card,4,2,No,Mobile,No
10645,611,35,Fashion,24188,20,3,NetBanking,5,2,Yes,Web,Yes
10646,754,45,Electronics,26814,0,3,COD,1,4,No,Web,Yes
10647,706,40,Beauty,18623,,3,UPI,1,5,No,Mobile,No
10648,728,30,Fashion,18319,,3,NetBanking,4,5,No,Web,No
10649,565,22,Home,10190,5,4,COD,4,4,No,Web,No
10650,574,35,Electronics,41163,20,3,COD,4,4,No,Web,No
10651,602,30,Home,45787,,1,NetBanking,2,1,No,Mobile,No
10652,691,45,Electronics,10583,,2,NetBanking,3,4,Yes,Web,No
10653,751,40,Beauty,18579,15,1,NetBanking,3,2,No,Web,No
10654,725,,Beauty,47299,10,1,UPI,1,3,No,Mobile,No
10655,793,35,Sports,23208,5,4,UPI,2,2,Yes,Mobile,Yes
10656,597,25,Home,47766,0,3,COD,4,4,No,Mobile,No
10657,785,40,Electronics,38252,,2,COD,1,5,No,Mobile,No
10658,748,22,Beauty,35470,15,1,Card,2,2,Yes,Mobile,Yes
10659,665,30,Fashion,37963,20,3,UPI,5,5,No,Mobile,No
10660,529,45,Beauty,44472,,3,COD,7,2,No,Web,No
10661,746,25,Fashion,48229,10,4,NetBanking,2,5,Yes,Web,No
10662,605,45,Electronics,9643,0,4,NetBanking,10,,No,Web,No
10663,550,25,Beauty,10937,20,4,UPI,1,2,No,Web,No
10664,580,35,Beauty,35024,20,2,NetBanking,,5,No,Mobile,Yes
10665,632,25,Electronics,40091,5,1,Card,3,3,No,Web,No
10666,784,22,Beauty,29434,,4,COD,10,1,No,Mobile,No
10667,637,22,Fashion,47130,5,4,COD,4,2,No,Mobile,Yes
10668,683,18,Beauty,47401,0,4,COD,7,3,No,Web,Yes
10669,772,22,Home,4207,,1,UPI,,1,No,Web,No
10670,568,40,Sports,33875,30,1,NetBanking,5,2,Yes,Mobile,Yes
10671,533,25,Fashion,47099,,4,Card,,3,No,Mobile,No
10672,761,22,Home,5127,30,4,UPI,7,3,No,Mobile,Yes
10673,552,35,Electronics,30907,20,3,COD,,,Yes,Mobile,Yes
10674,704,45,Fashion,13999,5,4,Card,7,3,No,Web,No
10675,625,,Sports,37592,10,2,COD,2,,No,Mobile,Yes
10676,734,45,Sports,48261,,2,COD,1,4,Yes,Web,No
10677,542,18,Electronics,26183,10,4,UPI,,5,No,Mobile,No
10678,739,45,Electronics,49291,,1,COD,,1,No,Mobile,Yes
10679,610,25,Fashion,5613,20,3,Card,1,5,No,Mobile,Yes
10680,748,18,Beauty,13898,5,1,COD,7,5,No,Web,No
10681,650,25,Electronics,46126,0,4,NetBanking,4,,No,Mobile,Yes
10682,682,35,Beauty,29107,0,2,COD,1,5,No,Web,No
10683,594,18,Home,5187,0,3,UPI,7,3,No,Web,No
10684,507,30,Sports,4154,,1,Card,1,,Yes,Web,Yes
10685,683,40,Beauty,45526,,1,UPI,4,5,No,Mobile,No
10686,780,40,Sports,14836,10,4,NetBanking,5,,Yes,Web,Yes
10687,694,25,Beauty,3858,5,3,COD,10,4,No,Web,Yes
10688,694,45,Home,10072,,2,UPI,7,,No,Mobile,Yes
10689,654,,Electronics,36643,5,4,UPI,3,2,No,Mobile,No
10690,592,,Home,35486,10,3,UPI,3,3,No,Web,No
10691,659,30,Electronics,37266,,1,UPI,7,1,Yes,Web,No
10692,560,18,Electronics,34069,0,4,NetBanking,2,2,Yes,Mobile,No
10693,621,30,Sports,40187,0,1,NetBanking,5,2,Yes,Web,Yes
10694,550,30,Home,19529,20,1,COD,2,2,No,Web,No
10695,776,45,Beauty,9973,30,4,COD,10,5,No,Web,No
10696,504,,Home,28177,15,4,Card,3,,Yes,Mobile,No
10697,591,18,Sports,31901,30,4,NetBanking,4,,No,Web,Yes
10698,669,35,Electronics,38384,,4,UPI,7,5,No,Mobile,Yes
10699,521,45,Sports,16544,5,4,UPI,10,3,No,Mobile,No
10700,500,30,Fashion,27656,,1,Card,,5,No,Mobile,No
10701,632,30,Fashion,17106,5,2,UPI,,5,No,Web,No
10702,732,35,Beauty,23399,5,2,Card,1,5,Yes,Mobile,No
10703,511,30,Sports,44941,30,4,COD,3,3,No,Web,No
10704,545,30,Beauty,37334,15,1,NetBanking,5,3,No,Mobile,No
10705,533,30,Beauty,40617,20,2,Card,3,4,No,Web,No
10706,577,40,Fashion,19394,30,2,UPI,5,4,No,Web,No
10707,717,45,Beauty,10889,15,2,Card,5,4,Yes,Web,No
10708,572,22,Fashion,1957,0,1,COD,7,4,No,Mobile,No
10709,781,45,Electronics,33064,0,4,UPI,5,,No,Web,Yes
10710,748,35,Sports,39831,5,4,COD,2,2,No,Web,No
10711,546,30,Beauty,3464,10,4,COD,,2,No,Mobile,No
10712,620,45,Fashion,27842,,3,Card,10,4,No,Mobile,No
10713,713,40,Home,18737,,3,COD,4,4,No,Web,Yes
10714,738,,Beauty,41547,5,3,UPI,3,1,No,Mobile,Yes
10715,555,35,Electronics,38805,10,1,COD,4,2,No,Mobile,No
10716,606,25,Electronics,19901,15,2,COD,10,1,No,Mobile,Yes
10717,547,45,Home,28730,0,2,Card,1,1,Yes,Web,No
10718,560,25,Fashion,6309,,1,COD,10,5,Yes,Mobile,No
10719,525,30,Beauty,4852,30,1,NetBanking,3,,Yes,Web,No
10720,791,40,Fashion,9717,10,4,Card,,3,No,Mobile,Yes
10721,756,40,Electronics,42289,15,4,Card,4,2,No,Mobile,No
10722,507,45,Fashion,2971,0,3,UPI,4,4,No,Web,No
10723,612,35,Electronics,6819,30,3,UPI,7,4,No,Mobile,No
10724,752,35,Fashion,37030,10,1,UPI,7,3,Yes,Mobile,No
10725,679,40,Home,13034,5,3,UPI,10,2,Yes,Mobile,Yes
10726,706,35,Sports,46190,5,2,NetBanking,10,4,No,Mobile,Yes
10727,626,40,Home,4022,5,1,Card,1,4,No,Web,Yes
10728,555,45,Home,5206,,1,COD,5,5,Yes,Web,No
10729,713,22,Sports,30396,15,2,UPI,3,1,Yes,Web,Yes
10730,513,40,Sports,40331,5,4,UPI,7,4,No,Web,No
10731,527,25,Beauty,13999,,4,UPI,3,,No,Web,No
10732,577,35,Beauty,21738,20,2,COD,1,2,Yes,Web,Yes
10733,715,40,Home,44156,,2,UPI,7,,No,Web,Yes
10734,653,40,Home,33876,0,3,COD,7,3,No,Mobile,No
10735,513,45,Electronics,42238,,1,Card,5,5,No,Web,No
10736,686,35,Electronics,49328,15,3,Card,3,2,No,Web,Yes
10737,506,22,Beauty,32547,30,2,Card,,5,Yes,Web,Yes
10738,502,45,Beauty,43761,,3,NetBanking,3,1,No,Mobile,No
10739,610,22,Electronics,28238,5,2,COD,3,4,No,Web,Yes
10740,737,,Electronics,40769,0,3,UPI,5,2,No,Web,No
10741,738,45,Fashion,17900,10,3,UPI,7,3,No,Web,Yes
10742,773,35,Fashion,20735,5,4,UPI,1,1,No,Mobile,No
10743,793,18,Electronics,18881,0,2,UPI,3,1,No,Web,No
10744,726,35,Fashion,14491,20,3,NetBanking,4,5,Yes,Mobile,No
10745,514,35,Sports,19490,10,1,UPI,,1,No,Mobile,No
10746,691,22,Beauty,27686,20,3,NetBanking,,2,Yes,Mobile,No
10747,618,22,Beauty,32021,30,3,COD,5,5,No,Mobile,Yes
10748,527,35,Electronics,14004,0,1,Card,2,1,Yes,Web,Yes
10749,701,35,Home,2423,20,2,UPI,1,3,Yes,Mobile,No
10750,538,35,Electronics,25474,30,4,Card,4,,No,Mobile,No
10751,772,22,Fashion,44601,0,4,COD,3,2,No,Web,No
10752,730,35,Home,49676,0,4,COD,2,3,No,Mobile,No
10753,585,35,Fashion,47516,20,1,UPI,1,3,No,Mobile,No
10754,625,,Sports,14886,0,3,COD,5,5,Yes,Mobile,No
10755,799,30,Fashion,32276,5,2,Card,2,4,No,Mobile,No
10756,524,18,Sports,25716,0,3,UPI,7,5,No,Mobile,No
10757,644,25,Sports,2114,15,4,NetBanking,10,2,Yes,Mobile,No
10758,512,18,Fashion,13301,30,3,UPI,2,2,No,Web,No
10759,711,30,Fashion,16808,0,1,Card,10,5,Yes,Web,No
10760,524,25,Sports,19930,15,1,UPI,,4,No,Web,Yes
10761,567,45,Home,13680,0,2,UPI,4,5,No,Web,No
10762,566,35,Sports,48474,0,2,Card,1,2,No,Mobile,Yes
10763,732,30,Beauty,35999,20,4,UPI,4,4,No,Mobile,No
10764,608,,Sports,46635,5,2,UPI,4,2,No,Mobile,Yes
10765,645,45,Home,47106,30,3,Card,3,4,Yes,Web,Yes
10766,610,35,Beauty,12617,5,1,COD,5,4,No,Web,No
10767,727,22,Electronics,36039,10,1,Card,2,5,Yes,Mobile,No
10768,610,40,Electronics,35085,20,1,UPI,1,5,No,Mobile,No
10769,533,30,Home,32280,20,2,NetBanking,,5,No,Web,No
10770,610,22,Sports,24099,5,1,NetBanking,7,4,No,Web,No
10771,763,30,Fashion,35483,,1,Card,5,4,No,Web,Yes
10772,735,,Home,29466,20,1,NetBanking,5,2,No,Web,No
10773,582,30,Beauty,19780,5,4,UPI,1,3,No,Mobile,No
10774,541,22,Beauty,1909,20,4,UPI,5,5,Yes,Web,No
10775,600,,Electronics,1017,0,2,Card,3,,No,Web,No
10776,505,25,Beauty,20245,5,1,UPI,5,2,Yes,Mobile,No
10777,679,18,Home,25892,5,2,COD,,2,No,Mobile,No
10778,781,35,Beauty,28441,15,1,UPI,,1,Yes,Mobile,No
10779,725,30,Home,30309,20,1,Card,3,5,No,Web,No
10780,728,35,Fashion,45730,20,1,COD,2,2,No,Web,No
10781,788,40,Electronics,7082,5,2,COD,2,1,Yes,Web,No
10782,649,22,Beauty,26836,0,2,NetBanking,4,,No,Web,Yes
10783,776,35,Home,34116,0,1,UPI,,,Yes,Mobile,No
10784,697,22,Sports,26233,30,3,Card,3,5,No,Mobile,No
10785,569,35,Electronics,11918,0,2,NetBanking,7,4,Yes,Web,Yes
10786,611,18,Fashion,8607,20,4,NetBanking,2,1,No,Web,No
10787,503,18,Home,26971,,2,UPI,5,4,No,Web,No
10788,594,,Fashion,40973,15,1,UPI,1,,No,Mobile,No
10789,651,18,Fashion,43061,5,3,Card,1,,Yes,Web,No
10790,636,,Beauty,10638,10,1,NetBanking,10,3,No,Mobile,No
10791,746,18,Beauty,38646,15,4,Card,,3,No,Web,Yes
10792,742,18,Home,46902,,2,NetBanking,3,3,No,Mobile,No
10793,530,18,Sports,6848,10,2,NetBanking,7,3,No,Mobile,No
10794,539,22,Home,40449,15,1,NetBanking,4,2,No,Web,No
10795,728,30,Sports,21464,0,1,UPI,5,3,Yes,Mobile,Yes
10796,535,,Fashion,27826,20,4,NetBanking,3,2,No,Mobile,Yes
10797,722,35,Electronics,31522,,3,NetBanking,10,2,Yes,Web,No
10798,505,18,Home,20476,10,4,NetBanking,1,5,Yes,Mobile,No
10799,719,22,Home,3241,,3,COD,3,2,Yes,Web,No
10800,574,22,Sports,5995,15,2,UPI,5,2,No,Mobile,No
10801,503,22,Fashion,39469,20,3,COD,7,3,No,Mobile,No
10802,633,,Fashion,48247,,3,UPI,,2,No,Mobile,No
10803,617,30,Sports,47524,10,2,Card,7,4,Yes,Mobile,No
10804,593,,Fashion,46165,5,2,COD,2,3,No,Web,Yes
10805,561,35,Beauty,25853,15,2,Card,5,1,No,Web,No
10806,693,30,Electronics,39265,5,4,NetBanking,10,3,No,Web,No
10807,702,25,Home,38518,0,2,Card,2,2,No,Mobile,No
10808,525,45,Electronics,25659,5,1,Card,2,4,No,Mobile,No
10809,672,22,Home,25116,5,2,Card,2,3,Yes,Web,No
10810,799,,Beauty,8678,30,2,Card,3,4,No,Web,No
10811,632,25,Fashion,2181,15,2,UPI,10,1,No,Web,No
10812,617,40,Sports,39867,0,3,COD,1,,Yes,Web,No
10813,774,,Beauty,47665,5,4,UPI,7,1,Yes,Mobile,No
10814,711,18,Electronics,13975,20,2,UPI,,,No,Web,No
10815,724,45,Sports,4886,10,4,UPI,3,5,No,Mobile,No
10816,519,18,Fashion,25306,5,1,Card,1,,No,Web,No
10817,612,30,Beauty,41498,0,1,UPI,7,5,No,Mobile,No
10818,639,45,Sports,23131,5,2,COD,,3,No,Web,Yes
10819,546,,Beauty,35413,10,1,UPI,10,5,Yes,Web,No
10820,500,35,Beauty,16759,0,4,NetBanking,,4,No,Mobile,No
10821,589,25,Fashion,32743,15,3,Card,10,5,No,Mobile,No
10822,641,35,Home,42616,0,2,NetBanking,5,4,No,Web,Yes
10823,537,,Sports,30895,15,1,COD,,,Yes,Mobile,No
10824,792,30,Fashion,6177,0,4,COD,7,,No,Web,Yes
10825,638,18,Beauty,39853,,4,COD,7,,No,Mobile,No
10826,758,45,Fashion,48901,10,1,COD,10,5,No,Web,No
10827,660,35,Home,5222,10,4,UPI,7,,Yes,Web,No
10828,677,,Sports,4986,0,4,Card,4,5,No,Web,Yes
10829,509,35,Home,33066,,2,COD,5,5,No,Web,Yes
10830,760,,Electronics,14707,5,4,NetBanking,3,2,No,Web,Yes
10831,637,18,Sports,32306,10,1,COD,,2,No,Web,Yes
10832,671,45,Home,31722,15,2,Card,3,5,No,Web,No
10833,512,25,Beauty,12505,15,1,NetBanking,1,4,No,Web,No
10834,667,18,Sports,21354,20,3,NetBanking,3,3,No,Mobile,No
10835,629,35,Sports,23827,30,1,NetBanking,2,1,No,Mobile,No
10836,583,25,Fashion,46247,,1,UPI,7,2,No,Mobile,Yes
10837,600,,Beauty,18743,30,2,COD,3,5,No,Web,Yes
10838,772,25,Electronics,16824,30,4,UPI,1,1,No,Web,Yes
10839,764,,Home,28502,15,1,NetBanking,1,2,No,Web,No
10840,537,18,Fashion,316,20,2,UPI,2,3,No,Mobile,No
10841,593,35,Home,46442,30,3,UPI,1,4,No,Mobile,Yes
10842,594,30,Electronics,17148,30,2,UPI,10,5,Yes,Mobile,Yes
10843,568,35,Electronics,21155,0,2,COD,4,3,No,Mobile,No
10844,735,,Sports,18511,0,4,NetBanking,10,2,No,Mobile,No
10845,636,22,Electronics,25395,0,1,NetBanking,7,5,No,Web,No
10846,575,45,Home,39024,5,3,COD,7,1,No,Mobile,No
10847,534,40,Beauty,49541,30,2,UPI,7,,Yes,Web,Yes
10848,500,30,Beauty,37883,5,1,UPI,5,4,No,Web,No
10849,795,25,Sports,3143,20,1,Card,3,2,No,Web,No
10850,559,30,Home,29601,,2,Card,4,4,No,Mobile,No
10851,766,45,Home,26760,15,1,Card,3,5,Yes,Mobile,No
10852,728,25,Electronics,32218,30,2,COD,4,,Yes,Web,No
10853,769,45,Home,29047,15,2,NetBanking,3,3,No,Mobile,Yes
10854,785,25,Fashion,16272,,2,Card,2,4,No,Mobile,No
10855,790,30,Electronics,28610,0,3,NetBanking,,1,No,Web,Yes
10856,712,25,Fashion,23227,30,2,NetBanking,10,2,Yes,Web,Yes
10857,664,25,Sports,1394,10,4,NetBanking,1,1,No,Web,No
10858,504,22,Beauty,39192,5,1,COD,1,4,No,Web,Yes
10859,577,35,Sports,34472,5,3,COD,10,,Yes,Web,No
10860,561,35,Beauty,23624,30,1,COD,2,3,No,Mobile,No
10861,631,40,Sports,20974,,3,COD,4,3,No,Web,Yes
10862,588,40,Home,4282,0,4,Card,10,1,Yes,Mobile,No
10863,736,,Fashion,45583,5,3,UPI,5,5,No,Mobile,No
10864,541,,Beauty,16090,0,3,UPI,4,5,Yes,Web,No
10865,588,,Electronics,12505,20,3,UPI,1,,No,Web,No
10866,795,22,Fashion,24638,15,1,Card,5,3,No,Mobile,No
10867,794,40,Electronics,13048,,2,UPI,3,1,No,Web,No
10868,603,45,Fashion,21397,10,1,Card,5,1,No,Mobile,No
10869,513,,Fashion,3392,15,2,Card,4,1,No,Web,No
10870,787,,Sports,22992,15,1,Card,2,4,Yes,Web,No
10871,678,30,Beauty,24162,20,4,UPI,3,,No,Mobile,No
10872,624,18,Beauty,25160,5,4,NetBanking,4,5,No,Mobile,Yes
10873,522,45,Fashion,14271,10,3,UPI,3,5,Yes,Web,No
10874,562,,Home,14916,5,4,UPI,5,4,Yes,Web,No
10875,642,,Home,5233,30,3,COD,1,2,Yes,Web,No
10876,652,,Electronics,5226,15,2,Card,4,4,Yes,Mobile,No
10877,644,18,Electronics,26063,30,4,NetBanking,,,No,Web,Yes
10878,724,18,Sports,4269,0,2,COD,2,1,No,Web,Yes
10879,603,22,Fashion,36033,15,1,NetBanking,,4,No,Web,Yes
10880,603,45,Electronics,4619,5,2,NetBanking,,1,No,Web,Yes
10881,538,22,Electronics,42043,15,1,Card,10,,No,Mobile,No
10882,697,25,Fashion,40176,0,2,UPI,5,,No,Mobile,No
10883,633,18,Sports,42209,20,2,Card,4,3,Yes,Mobile,No
10884,566,30,Electronics,20623,30,4,Card,2,1,No,Web,Yes
10885,678,40,Sports,16728,30,2,COD,4,5,No,Web,No
10886,541,30,Beauty,34878,5,4,Card,5,4,Yes,Web,No
10887,514,40,Sports,21250,15,4,UPI,4,,Yes,Mobile,No
10888,610,18,Home,43341,5,3,NetBanking,3,1,No,Mobile,No
10889,656,18,Home,42089,20,3,Card,5,2,No,Mobile,Yes
10890,788,18,Sports,18593,15,1,NetBanking,4,3,No,Mobile,No
10891,730,22,Home,6664,15,2,Card,10,2,No,Web,No
10892,656,45,Beauty,35649,5,1,NetBanking,1,,No,Mobile,Yes
10893,537,40,Fashion,991,5,2,Card,4,2,No,Mobile,Yes
10894,596,45,Home,30362,0,3,COD,3,2,Yes,Web,Yes
10895,788,22,Home,1231,,3,NetBanking,2,3,No,Mobile,Yes
10896,753,22,Sports,46196,,2,Card,10,3,No,Web,No
10897,695,35,Beauty,32030,20,2,Card,2,3,Yes,Web,No
10898,585,30,Fashion,14526,,3,COD,,3,No,Web,Yes
10899,509,30,Sports,14161,0,3,COD,10,2,No,Web,No
10900,504,25,Sports,31601,30,1,COD,2,5,Yes,Web,No
10901,622,,Beauty,48543,15,3,NetBanking,1,5,No,Mobile,Yes
10902,617,22,Fashion,23066,5,2,NetBanking,3,3,Yes,Mobile,Yes
10903,793,40,Beauty,36474,15,1,COD,,4,No,Web,Yes
10904,658,35,Fashion,41407,15,2,UPI,5,1,Yes,Mobile,No
10905,727,35,Beauty,17995,10,4,UPI,2,,No,Web,Yes
10906,715,,Sports,41647,30,1,Card,10,4,No,Mobile,No
10907,683,45,Sports,3421,10,2,UPI,3,,Yes,Mobile,No
10908,514,,Electronics,18557,,3,Card,4,4,No,Mobile,No
10909,656,,Home,28464,15,4,NetBanking,1,4,No,Mobile,Yes
10910,635,,Beauty,25791,5,2,NetBanking,3,5,No,Mobile,No
10911,760,30,Electronics,23465,15,1,UPI,3,1,Yes,Mobile,No
10912,656,22,Home,49014,30,2,NetBanking,5,4,No,Mobile,No
10913,546,25,Beauty,4048,10,4,COD,3,3,No,Web,No
10914,672,22,Fashion,33345,5,1,COD,5,,No,Web,No
10915,629,45,Home,26853,15,4,UPI,1,5,Yes,Web,No
10916,594,18,Sports,44631,20,2,UPI,1,,No,Mobile,No
10917,614,,Electronics,30797,30,3,Card,4,3,No,Mobile,No
10918,742,22,Home,31608,30,3,NetBanking,5,3,Yes,Web,Yes
10919,791,45,Home,39860,20,2,Card,5,4,No,Web,No
10920,781,18,Sports,46986,15,2,Card,2,3,No,Mobile,No
10921,798,18,Beauty,10674,30,2,COD,2,1,No,Web,No
10922,782,,Fashion,4975,5,1,COD,4,3,No,Web,Yes
10923,568,25,Sports,1470,15,4,COD,1,4,No,Web,No
10924,647,40,Fashion,41749,15,4,COD,7,,No,Web,No
10925,510,30,Beauty,43785,10,4,Card,2,3,No,Mobile,Yes
10926,753,22,Home,12750,30,2,COD,3,5,No,Web,Yes
10927,537,18,Fashion,10980,30,4,NetBanking,1,5,No,Web,No
10928,633,22,Electronics,10368,20,2,COD,7,5,No,Web,No
10929,699,40,Electronics,35530,10,1,COD,,,No,Web,No
10930,522,30,Sports,46718,,3,COD,3,2,No,Mobile,Yes
10931,717,40,Beauty,26506,10,2,UPI,10,5,No,Web,No
10932,640,30,Sports,587,30,2,NetBanking,5,5,Yes,Web,No
10933,603,35,Sports,22637,15,3,NetBanking,1,2,Yes,Web,No
10934,709,30,Sports,20966,10,3,Card,10,,No,Web,No
10935,610,,Electronics,1461,20,1,Card,4,5,Yes,Web,No
10936,603,25,Electronics,49581,10,4,COD,5,4,No,Mobile,No
10937,670,40,Sports,35431,20,2,UPI,5,,No,Web,Yes
10938,632,18,Electronics,24835,,4,Card,3,5,Yes,Web,No
10939,792,,Beauty,32828,10,2,Card,10,5,No,Mobile,No
10940,626,35,Sports,39051,20,1,COD,5,2,No,Web,No
10941,605,25,Electronics,16827,10,3,COD,2,4,No,Mobile,No
10942,591,22,Fashion,41275,,1,Card,1,,No,Web,No
10943,786,,Sports,24153,10,3,Card,2,3,No,Mobile,Yes
10944,550,40,Sports,15058,5,4,NetBanking,3,1,No,Mobile,Yes
10945,528,45,Beauty,544,20,4,UPI,7,4,No,Web,No
10946,795,45,Home,3478,,1,NetBanking,,3,No,Mobile,No
10947,796,18,Home,32131,20,3,Card,3,4,Yes,Web,No
10948,713,30,Beauty,2476,20,1,NetBanking,1,3,Yes,Mobile,Yes
10949,766,18,Beauty,38070,0,3,NetBanking,5,3,No,Mobile,No
10950,756,45,Beauty,33954,,3,Card,10,4,No,Web,Yes
10951,600,22,Home,26927,10,4,COD,10,2,No,Mobile,Yes
10952,609,35,Beauty,46789,20,4,Card,4,4,No,Web,No
10953,681,35,Electronics,45210,30,3,COD,3,4,No,Mobile,No
10954,500,40,Sports,25181,0,3,Card,1,3,No,Mobile,No
10955,554,35,Sports,35722,5,3,Card,4,1,No,Web,Yes
10956,648,40,Fashion,12284,20,4,Card,5,3,Yes,Web,No
10957,636,,Fashion,24076,20,4,UPI,7,5,No,Mobile,No
10958,701,40,Sports,18055,0,2,COD,3,4,No,Web,No
10959,616,,Electronics,7435,10,3,UPI,7,,No,Web,No
10960,653,40,Home,620,30,2,Card,1,4,No,Mobile,No
10961,790,45,Home,37722,5,3,NetBanking,7,2,No,Mobile,No
10962,562,45,Electronics,28935,20,4,UPI,7,,No,Web,No
10963,743,30,Home,21984,10,2,COD,1,3,No,Mobile,No
10964,524,,Beauty,23538,,2,Card,1,2,No,Web,Yes
10965,589,25,Sports,22189,30,1,UPI,3,4,No,Web,No
10966,574,,Sports,30613,,3,NetBanking,7,3,No,Web,Yes
10967,793,40,Electronics,32835,30,4,UPI,4,3,No,Web,Yes
10968,709,40,Home,49199,5,1,COD,,5,No,Web,Yes
10969,516,25,Fashion,11070,15,1,UPI,1,5,Yes,Web,No
10970,627,18,Fashion,39621,30,3,NetBanking,5,1,No,Mobile,No
10971,750,40,Home,20726,15,1,NetBanking,7,5,No,Web,No
10972,678,30,Fashion,44627,,3,COD,1,,No,Mobile,No
10973,681,35,Electronics,42077,30,1,NetBanking,4,3,No,Web,Yes
10974,651,35,Electronics,46550,5,3,Card,10,5,No,Mobile,No
10975,524,22,Home,7798,0,4,NetBanking,3,1,No,Mobile,Yes
10976,679,22,Fashion,39704,5,3,Card,7,4,No,Mobile,No
10977,697,35,Electronics,40430,5,3,UPI,10,,No,Web,No
10978,660,35,Electronics,16695,0,2,Card,1,5,Yes,Mobile,Yes
10979,676,45,Beauty,49646,0,4,Card,1,3,No,Mobile,Yes
10980,784,30,Beauty,2837,10,4,UPI,5,4,Yes,Web,No
10981,562,25,Electronics,19526,30,4,NetBanking,5,3,Yes,Mobile,No
10982,649,22,Home,15516,,1,Card,7,4,No,Mobile,No
10983,653,45,Sports,18913,10,2,NetBanking,10,,Yes,Web,No
10984,655,45,Sports,3309,0,4,UPI,,3,No,Mobile,No
10985,548,25,Electronics,24668,15,1,COD,10,5,No,Mobile,No
10986,583,45,Electronics,29627,,1,NetBanking,1,5,No,Web,Yes
10987,676,,Electronics,14509,15,1,NetBanking,,1,No,Mobile,Yes
10988,647,30,Home,48743,5,2,COD,7,4,No,Mobile,No
10989,617,35,Beauty,15329,20,1,COD,1,1,No,Mobile,No
10990,562,40,Electronics,2377,5,2,UPI,5,2,Yes,Mobile,Yes
10991,688,25,Electronics,14207,5,3,NetBanking,4,5,No,Web,Yes
10992,548,35,Fashion,36935,20,1,NetBanking,2,4,No,Web,Yes
10993,756,35,Home,49220,30,4,UPI,,,No,Web,Yes
10994,723,18,Electronics,5173,0,1,NetBanking,2,1,No,Web,Yes
10995,640,,Fashion,8935,15,3,Card,1,,No,Mobile,No
10996,714,25,Sports,33365,5,3,Card,10,,No,Web,No
10997,710,45,Electronics,46163,20,1,Card,5,,No,Web,No
10998,531,40,Electronics,42104,10,3,NetBanking,3,1,Yes,Mobile,No
10999,657,25,Fashion,34083,5,2,Card,3,2,No,Mobile,No
11000,784,45,Home,34452,15,2,Card,2,1,No,Mobile,No
11001,785,35,Electronics,41813,0,1,UPI,4,3,No,Web,No
11002,643,40,Sports,29392,5,2,UPI,2,5,Yes,Mobile,No
11003,518,45,Electronics,17953,5,2,COD,1,1,No,Mobile,No
11004,517,30,Sports,32763,30,4,COD,4,1,No,Mobile,No
11005,756,45,Beauty,34328,20,1,COD,3,2,Yes,Web,No
11006,577,18,Beauty,40769,10,3,COD,10,3,No,Web,No
11007,674,,Sports,21247,10,1,UPI,5,1,No,Web,No
11008,693,35,Home,30278,,2,UPI,,5,No,Web,No
11009,612,45,Electronics,22356,0,4,UPI,5,5,No,Web,Yes
11010,613,,Electronics,29307,,1,Card,1,1,No,Web,No
11011,721,22,Beauty,43469,15,1,Card,2,,Yes,Web,No
11012,665,22,Sports,48587,0,2,COD,1,,No,Mobile,Yes
11013,631,,Electronics,44932,5,2,Card,,3,Yes,Mobile,No
11014,763,,Electronics,48749,5,1,NetBanking,5,5,No,Mobile,No
11015,554,18,Home,5843,10,2,UPI,,,Yes,Web,Yes
11016,630,30,Fashion,21367,15,2,COD,3,5,No,Web,No
11017,787,35,Beauty,45556,20,2,COD,5,3,No,Mobile,Yes
11018,765,25,Beauty,25397,15,2,NetBanking,4,3,No,Mobile,No
11019,661,18,Fashion,43147,5,2,Card,10,,Yes,Web,No
11020,586,30,Electronics,43812,20,4,COD,,1,No,Web,No
11021,554,,Home,4109,15,2,Card,10,4,Yes,Web,No
11022,787,25,Home,22491,15,3,Card,7,2,Yes,Web,No
11023,677,,Beauty,21567,20,1,NetBanking,5,4,No,Web,No
11024,507,,Home,7506,5,4,COD,5,4,No,Web,No
11025,746,22,Fashion,21357,15,4,Card,10,5,No,Web,No
11026,754,22,Electronics,29292,20,2,Card,7,3,No,Web,No
11027,553,25,Fashion,46814,30,1,NetBanking,4,5,No,Mobile,No
11028,748,18,Sports,16295,30,3,NetBanking,2,,No,Web,Yes
11029,738,22,Beauty,49103,5,2,Card,,2,No,Web,No
11030,728,35,Home,44739,20,1,NetBanking,,,Yes,Web,Yes
11031,566,,Sports,13510,30,2,Card,5,1,No,Mobile,No
11032,550,40,Home,18093,20,2,COD,10,2,No,Mobile,No
11033,596,45,Electronics,26570,15,2,UPI,1,5,No,Web,Yes
11034,591,25,Electronics,5497,5,2,NetBanking,5,5,Yes,Mobile,Yes
11035,763,25,Electronics,48621,30,2,UPI,1,,No,Mobile,Yes
11036,790,22,Home,7752,,2,Card,4,5,No,Mobile,No
11037,595,18,Sports,41786,15,2,Card,5,5,Yes,Web,No
11038,587,,Electronics,15159,,3,Card,,4,No,Web,No
11039,577,35,Sports,27536,,4,UPI,10,1,No,Web,No
11040,787,18,Home,32199,0,3,Card,4,4,No,Web,Yes
11041,619,30,Sports,32383,0,2,NetBanking,4,5,Yes,Web,No
11042,664,30,Home,2472,5,2,COD,2,3,No,Web,No
11043,681,40,Home,46226,30,3,COD,5,4,No,Web,No
11044,722,22,Beauty,16963,30,3,NetBanking,1,5,No,Mobile,Yes
11045,506,22,Home,27840,30,4,COD,1,5,Yes,Web,No
11046,762,22,Home,19353,20,3,UPI,5,1,Yes,Web,No
11047,660,40,Fashion,11385,15,4,Card,7,,No,Web,No
11048,650,30,Electronics,30864,30,2,Card,2,2,Yes,Web,No
11049,584,18,Beauty,24509,15,1,Card,2,4,No,Web,No
11050,646,40,Beauty,4281,5,1,UPI,2,4,No,Web,No
11051,611,40,Beauty,21453,,1,UPI,1,4,No,Web,Yes
11052,535,18,Fashion,5547,30,1,UPI,4,5,No,Web,No
11053,784,22,Home,10853,5,2,NetBanking,10,1,Yes,Mobile,No
11054,687,35,Electronics,21111,30,1,UPI,7,5,Yes,Mobile,Yes
11055,581,18,Sports,30145,0,3,COD,,5,Yes,Web,No
11056,501,30,Home,6435,10,3,NetBanking,2,,No,Web,No
11057,696,25,Fashion,5873,5,1,NetBanking,1,3,No,Mobile,No
11058,510,,Home,14031,30,3,NetBanking,1,1,Yes,Web,No
11059,733,25,Home,7489,10,4,UPI,,4,No,Web,No
11060,694,45,Fashion,14841,5,2,NetBanking,4,2,No,Mobile,No
11061,618,45,Beauty,43946,20,1,UPI,,4,No,Web,Yes
11062,519,40,Beauty,11387,30,1,UPI,5,5,Yes,Web,No
11063,760,,Electronics,46735,20,2,NetBanking,5,1,Yes,Web,Yes
11064,792,25,Electronics,3076,0,3,Card,10,1,Yes,Mobile,Yes
11065,755,35,Beauty,42379,30,2,Card,,1,No,Mobile,No
11066,721,22,Sports,27864,,2,NetBanking,10,3,No,Web,No
11067,725,30,Home,29135,0,3,Card,2,4,No,Mobile,No
11068,552,45,Sports,7997,10,2,COD,10,3,No,Mobile,Yes
11069,779,35,Home,14929,5,3,COD,2,,No,Mobile,No
11070,580,30,Beauty,8686,15,3,UPI,7,2,No,Web,Yes
11071,701,30,Electronics,17346,0,2,Card,10,,Yes,Mobile,No
11072,657,22,Electronics,8344,15,4,COD,4,5,No,Mobile,No
11073,619,,Sports,9915,15,3,NetBanking,2,3,No,Mobile,Yes
11074,558,40,Electronics,48102,5,2,Card,4,3,No,Web,No
11075,714,25,Beauty,5360,10,3,COD,1,,No,Mobile,Yes
11076,627,22,Sports,11200,5,4,COD,2,5,No,Mobile,No
11077,723,35,Home,5881,30,4,NetBanking,1,1,Yes,Web,No
11078,708,40,Electronics,35082,0,1,UPI,3,5,Yes,Mobile,No
11079,614,35,Fashion,20473,15,3,NetBanking,4,4,Yes,Mobile,No
11080,708,40,Electronics,13297,5,3,UPI,3,,No,Mobile,No
11081,513,,Home,43703,5,2,COD,2,5,Yes,Web,Yes
11082,508,45,Sports,46716,5,3,UPI,1,1,No,Web,Yes
11083,539,35,Home,7448,0,1,COD,2,5,No,Mobile,No
11084,736,22,Fashion,19048,10,4,COD,3,3,No,Mobile,No
11085,780,40,Beauty,14322,,4,Card,,2,No,Mobile,Yes
11086,700,40,Electronics,20313,5,1,UPI,,3,No,Mobile,No
11087,745,30,Sports,38987,0,3,UPI,2,2,Yes,Mobile,No
11088,777,30,Beauty,16186,15,3,UPI,7,5,Yes,Mobile,No
11089,734,18,Home,25556,30,1,NetBanking,5,4,No,Web,No
11090,503,35,Sports,30305,,2,Card,3,5,No,Mobile,No
11091,653,30,Beauty,6938,20,4,Card,2,1,No,Mobile,No
11092,528,18,Sports,37719,,1,Card,1,5,No,Mobile,Yes
11093,608,45,Fashion,33677,,1,NetBanking,2,2,No,Web,No
11094,597,45,Fashion,41008,0,3,UPI,,3,No,Mobile,Yes
11095,714,30,Electronics,43416,20,4,UPI,1,4,No,Web,Yes
11096,792,35,Electronics,36934,5,3,UPI,5,5,No,Mobile,No
11097,574,40,Fashion,17055,5,1,Card,2,5,No,Mobile,No
11098,645,25,Sports,23682,,2,Card,10,3,No,Mobile,Yes
11099,627,,Fashion,22694,0,4,COD,,4,No,Mobile,No
11100,541,35,Electronics,2553,20,1,NetBanking,10,,Yes,Mobile,No
11101,540,,Fashion,38010,5,1,NetBanking,5,5,No,Mobile,Yes
11102,533,22,Fashion,45398,15,2,Card,3,5,No,Web,No
11103,516,45,Sports,1164,10,1,COD,1,,No,Mobile,No
11104,664,30,Beauty,34336,10,1,UPI,10,2,No,Mobile,Yes
11105,652,30,Electronics,40522,5,4,Card,7,2,Yes,Mobile,No
11106,575,,Sports,13966,20,4,NetBanking,3,1,No,Web,No
11107,586,40,Fashion,21255,30,4,NetBanking,1,3,No,Mobile,No
11108,616,,Fashion,45438,5,3,NetBanking,,4,No,Web,No
11109,526,22,Beauty,38297,30,2,UPI,,5,No,Mobile,Yes
11110,786,40,Electronics,16609,30,4,NetBanking,,5,No,Mobile,No
11111,633,22,Electronics,4354,20,3,UPI,5,1,No,Web,Yes
11112,718,25,Home,1235,30,3,UPI,10,5,No,Web,No
11113,667,45,Electronics,45240,15,2,UPI,,3,Yes,Mobile,No
11114,597,30,Beauty,23078,20,2,Card,4,1,No,Web,Yes
11115,767,30,Home,43598,5,1,UPI,,3,Yes,Web,No
11116,736,25,Home,48628,,3,COD,2,1,Yes,Mobile,Yes
11117,672,18,Fashion,49224,15,4,NetBanking,5,5,No,Mobile,No
11118,689,45,Fashion,17009,0,2,Card,1,1,No,Mobile,No
11119,621,40,Electronics,10026,10,3,NetBanking,1,2,Yes,Web,Yes
11120,545,25,Home,40842,5,4,UPI,1,4,No,Mobile,No
11121,563,40,Fashion,20545,5,3,Card,1,5,Yes,Mobile,No
11122,629,,Beauty,35053,5,2,COD,2,,No,Web,Yes
11123,692,35,Fashion,14552,15,1,UPI,3,4,No,Web,No
11124,680,30,Fashion,21616,0,3,NetBanking,7,5,No,Mobile,No
11125,791,40,Home,37671,,4,COD,4,4,No,Web,No
11126,781,22,Home,19462,20,2,UPI,2,2,No,Web,No
11127,528,40,Sports,16260,0,1,COD,1,4,No,Web,No
11128,648,35,Beauty,31091,15,4,UPI,2,1,No,Mobile,No
11129,766,45,Home,42530,5,4,Card,5,4,No,Mobile,No
11130,795,30,Electronics,25516,10,4,UPI,7,5,No,Mobile,No
11131,510,,Beauty,32767,5,3,Card,1,,No,Web,Yes
11132,663,25,Beauty,47234,20,2,UPI,4,,No,Mobile,No
11133,612,,Home,8054,30,4,UPI,1,3,No,Mobile,No
11134,686,35,Beauty,47314,10,3,NetBanking,7,4,Yes,Web,No
11135,794,30,Home,4378,5,2,COD,4,,No,Web,Yes
11136,731,40,Fashion,13153,,2,COD,7,4,No,Mobile,No
11137,726,45,Sports,4342,10,3,COD,4,,No,Web,No
11138,597,18,Fashion,49352,30,3,UPI,3,4,No,Mobile,No
11139,554,45,Home,14689,0,4,UPI,10,5,No,Mobile,No
11140,610,18,Home,30725,15,2,UPI,3,4,Yes,Mobile,No
11141,651,22,Fashion,2875,5,1,Card,2,5,No,Web,No
11142,745,45,Electronics,39822,20,3,Card,2,5,No,Web,No
11143,568,30,Electronics,28479,0,2,NetBanking,,3,No,Mobile,Yes
11144,788,18,Electronics,35054,5,2,UPI,4,,No,Mobile,No
11145,749,25,Home,18924,0,4,COD,,1,Yes,Mobile,Yes
11146,535,30,Beauty,20650,20,1,COD,,5,No,Mobile,No
11147,738,25,Home,26981,5,4,NetBanking,1,,No,Web,No
11148,647,45,Beauty,24288,30,1,COD,10,2,Yes,Mobile,No
11149,726,25,Fashion,15770,30,1,NetBanking,5,4,No,Mobile,Yes
11150,743,18,Sports,25004,20,3,UPI,5,2,No,Web,No
11151,700,30,Beauty,39036,10,2,COD,1,4,No,Mobile,Yes
11152,653,40,Electronics,29677,20,2,UPI,1,3,Yes,Mobile,Yes
11153,572,35,Home,28872,10,2,Card,3,5,No,Mobile,Yes
11154,700,18,Fashion,7793,5,1,COD,5,1,No,Mobile,No
11155,795,18,Electronics,4403,10,2,Card,4,5,No,Mobile,No
11156,516,40,Fashion,35144,5,3,COD,7,4,No,Web,No
11157,628,30,Sports,3294,5,1,UPI,,1,No,Web,No
11158,716,30,Home,4044,,1,NetBanking,2,5,No,Web,Yes
11159,560,,Home,47534,15,1,UPI,,1,No,Web,No
11160,603,45,Sports,47591,5,1,UPI,,4,No,Mobile,Yes
11161,541,25,Home,27632,10,3,UPI,7,3,Yes,Web,Yes
11162,524,45,Beauty,5894,15,2,COD,3,3,Yes,Web,Yes
11163,538,40,Fashion,40599,15,3,NetBanking,5,5,Yes,Web,No
11164,790,45,Electronics,7671,5,2,Card,,2,Yes,Web,No
11165,630,40,Sports,47615,20,3,UPI,10,4,No,Web,No
11166,728,30,Beauty,18328,20,4,COD,1,5,Yes,Web,No
11167,607,25,Electronics,36212,30,4,Card,10,5,Yes,Web,No
11168,671,45,Electronics,14290,15,4,UPI,10,3,No,Web,Yes
11169,601,18,Sports,47151,5,4,Card,5,1,Yes,Mobile,No
11170,511,22,Beauty,16926,,1,UPI,4,4,No,Web,No
11171,774,,Electronics,20769,20,1,Card,3,1,Yes,Mobile,No
11172,600,35,Electronics,41022,,3,Card,,,No,Web,No
11173,543,18,Beauty,40337,5,3,NetBanking,,,No,Web,No
11174,516,30,Home,7430,5,4,NetBanking,,4,No,Web,Yes
11175,556,35,Electronics,7128,15,2,UPI,1,2,No,Mobile,No
11176,511,22,Fashion,41912,,4,COD,7,,Yes,Mobile,No
11177,579,22,Beauty,47288,30,3,NetBanking,4,3,No,Web,Yes
11178,715,25,Electronics,39399,15,4,Card,7,2,No,Mobile,No
11179,763,35,Sports,46465,0,3,NetBanking,2,5,No,Web,No
11180,648,25,Fashion,18183,,4,NetBanking,3,,No,Mobile,Yes
11181,580,18,Electronics,43359,20,2,UPI,4,3,No,Mobile,No
11182,714,40,Fashion,18842,20,4,NetBanking,4,5,No,Mobile,No
11183,697,40,Fashion,43232,20,2,NetBanking,,2,No,Web,No
11184,699,40,Home,10750,10,2,Card,7,4,No,Mobile,Yes
11185,524,35,Fashion,20723,5,3,NetBanking,1,5,Yes,Mobile,Yes
11186,588,40,Home,2335,15,2,Card,2,1,No,Web,No
11187,767,18,Beauty,44531,20,1,NetBanking,,4,Yes,Mobile,No
11188,642,25,Home,41045,0,1,NetBanking,,4,Yes,Web,No
11189,558,35,Sports,17541,20,1,COD,,2,No,Web,Yes
11190,525,25,Electronics,23454,30,3,NetBanking,7,2,No,Mobile,Yes
11191,546,35,Beauty,25925,5,1,Card,4,3,No,Web,Yes
11192,787,25,Beauty,45250,,3,Card,3,3,Yes,Mobile,No
11193,765,22,Sports,33366,5,3,UPI,4,1,Yes,Mobile,No
11194,515,25,Home,33991,,1,UPI,5,4,No,Web,No
11195,698,40,Electronics,13631,,2,COD,3,1,No,Mobile,No
11196,781,22,Home,20990,15,4,Card,,1,No,Mobile,No
11197,585,25,Fashion,19483,10,3,Card,3,2,No,Web,No
11198,749,35,Home,39646,,1,Card,4,1,No,Web,Yes
11199,769,35,Beauty,5175,,3,COD,1,1,No,Mobile,No
11200,616,,Electronics,12554,15,2,Card,,5,No,Web,No
11201,506,35,Home,28921,20,2,UPI,3,3,No,Web,Yes
11202,636,30,Electronics,11205,30,1,COD,5,3,No,Web,Yes
11203,675,18,Electronics,46421,0,3,UPI,7,4,No,Web,No
11204,714,35,Fashion,16182,15,4,UPI,1,3,No,Mobile,No
11205,581,22,Fashion,19341,10,4,COD,1,,No,Mobile,Yes
11206,722,,Beauty,29398,15,3,NetBanking,1,4,No,Web,Yes
11207,602,35,Sports,42731,5,3,NetBanking,3,5,Yes,Mobile,No
11208,772,30,Electronics,34009,20,3,UPI,1,3,No,Web,No
11209,513,40,Sports,34975,20,1,NetBanking,4,5,Yes,Web,No
11210,658,22,Beauty,5137,,2,Card,1,3,Yes,Mobile,Yes
11211,651,30,Electronics,46748,20,4,COD,5,3,No,Mobile,Yes
11212,607,40,Electronics,24789,20,1,UPI,,5,No,Mobile,Yes
11213,687,45,Sports,17927,20,3,Card,,1,No,Mobile,Yes
11214,597,45,Home,5996,20,3,NetBanking,2,1,No,Web,No
11215,630,22,Fashion,49294,0,2,Card,5,1,No,Web,No
11216,792,25,Home,13843,10,3,NetBanking,3,,No,Mobile,No
11217,670,18,Sports,12915,,1,UPI,1,1,No,Web,No
11218,682,,Fashion,1766,20,1,Card,1,3,No,Mobile,Yes
11219,538,18,Home,31071,,2,COD,4,2,No,Mobile,No
11220,514,30,Fashion,18650,10,1,UPI,7,5,No,Mobile,No
11221,503,40,Electronics,675,30,4,Card,1,2,No,Web,No
11222,709,18,Home,33330,20,1,Card,10,,Yes,Web,Yes
11223,660,40,Fashion,21046,,1,NetBanking,5,2,No,Mobile,No
11224,515,40,Fashion,23186,15,1,UPI,3,4,Yes,Mobile,Yes
11225,607,30,Fashion,44648,,4,UPI,,1,No,Mobile,Yes
11226,726,30,Home,43204,20,3,UPI,2,,No,Mobile,No
11227,669,30,Beauty,32951,5,1,UPI,1,3,No,Web,No
11228,533,18,Home,8133,0,2,NetBanking,2,1,No,Web,Yes
11229,750,45,Sports,2193,15,4,COD,1,1,No,Mobile,Yes
11230,746,30,Home,30873,15,2,UPI,3,2,Yes,Mobile,No
11231,768,,Fashion,31671,5,1,NetBanking,7,4,No,Web,Yes
11232,640,18,Electronics,41174,20,2,COD,5,1,No,Mobile,No
11233,773,30,Home,12126,0,1,COD,,5,No,Web,Yes
11234,595,35,Home,34720,15,4,NetBanking,3,5,No,Web,Yes
11235,726,40,Fashion,22224,0,2,UPI,2,1,Yes,Mobile,No
11236,538,,Electronics,33667,15,2,COD,1,2,Yes,Web,No
11237,528,30,Electronics,21499,20,1,UPI,2,2,Yes,Web,Yes
11238,744,22,Sports,26168,30,1,UPI,5,3,No,Web,No
11239,735,40,Home,9092,15,3,Card,10,,No,Web,Yes
11240,684,40,Electronics,20897,30,1,UPI,,,No,Mobile,Yes
11241,771,30,Electronics,36705,15,1,Card,3,,No,Web,No
11242,735,45,Beauty,32996,10,3,COD,2,4,No,Web,No
11243,738,25,Beauty,43423,20,1,NetBanking,2,2,No,Web,No
11244,765,45,Electronics,16289,5,1,Card,5,3,Yes,Mobile,No
11245,564,30,Sports,29231,30,3,NetBanking,10,5,Yes,Mobile,No
11246,676,40,Electronics,9590,5,4,COD,1,,No,Mobile,No
11247,502,,Fashion,38667,20,4,UPI,10,5,No,Web,Yes
11248,641,22,Home,14642,,1,COD,2,5,No,Mobile,Yes
11249,657,,Sports,25241,5,1,NetBanking,5,1,No,Mobile,No
11250,645,,Fashion,14245,20,3,COD,1,4,No,Mobile,No
11251,792,40,Sports,11062,5,3,UPI,10,3,Yes,Web,No
11252,652,45,Fashion,30433,30,4,COD,,4,No,Mobile,No
11253,692,22,Home,47380,10,2,UPI,10,1,No,Mobile,No
11254,572,18,Home,40450,5,1,Card,,3,No,Mobile,Yes
11255,639,35,Beauty,27352,30,2,NetBanking,10,3,Yes,Web,No
11256,686,40,Fashion,42050,15,2,UPI,7,2,No,Web,No
11257,792,30,Beauty,20253,20,3,UPI,1,4,Yes,Mobile,No
11258,560,18,Fashion,40775,0,1,COD,10,4,No,Mobile,Yes
11259,697,35,Beauty,17430,,1,Card,7,2,No,Mobile,No
11260,794,30,Home,31386,0,3,UPI,3,5,Yes,Web,No
11261,510,,Sports,4933,20,2,Card,5,1,Yes,Web,No
11262,561,25,Beauty,17604,10,3,Card,10,4,Yes,Mobile,No
11263,725,30,Fashion,42337,5,4,COD,,2,No,Web,No
11264,652,22,Fashion,32584,10,1,UPI,1,3,Yes,Mobile,No
11265,698,22,Home,46846,0,4,COD,,,No,Web,No
11266,551,25,Fashion,7308,,3,NetBanking,7,2,Yes,Mobile,Yes
11267,759,18,Electronics,48591,30,1,NetBanking,7,,Yes,Web,No
11268,558,35,Sports,27705,,4,UPI,3,5,No,Mobile,No
11269,571,30,Beauty,36686,20,4,Card,,1,No,Web,No
11270,647,22,Sports,25673,20,2,UPI,4,,Yes,Mobile,Yes
11271,562,18,Home,21127,10,1,UPI,5,5,No,Mobile,No
11272,742,25,Beauty,33340,30,4,NetBanking,,,No,Mobile,Yes
11273,606,45,Beauty,13307,10,4,NetBanking,4,3,No,Mobile,Yes
11274,725,40,Electronics,18457,5,2,Card,1,3,No,Web,No
11275,717,45,Home,32457,15,4,Card,5,3,No,Mobile,Yes
11276,740,45,Fashion,35615,30,4,UPI,,3,No,Web,Yes
11277,758,22,Electronics,36232,15,4,COD,3,2,Yes,Web,No
11278,761,,Electronics,21464,,2,UPI,1,3,No,Mobile,Yes
11279,504,,Sports,14714,5,4,Card,5,3,No,Mobile,No
11280,760,25,Sports,14627,15,4,COD,,2,Yes,Mobile,Yes
11281,553,30,Sports,48644,0,1,NetBanking,,3,Yes,Mobile,No
11282,546,,Electronics,1246,,1,Card,5,5,Yes,Web,No
11283,714,45,Fashion,14993,15,2,Card,4,5,No,Web,No
11284,676,,Beauty,27541,5,3,COD,1,4,No,Web,Yes
11285,508,45,Sports,49958,15,1,Card,3,5,No,Web,Yes
11286,598,35,Fashion,30554,20,2,Card,3,1,Yes,Mobile,Yes
11287,519,22,Home,15840,10,4,Card,1,1,No,Web,No
11288,740,22,Sports,7019,0,4,Card,1,1,No,Mobile,No
11289,560,30,Beauty,41503,20,2,Card,7,2,No,Mobile,Yes
11290,677,,Home,25381,20,4,Card,2,5,No,Web,Yes
11291,561,,Home,11650,5,4,Card,,1,No,Web,Yes
11292,644,40,Beauty,36658,10,3,Card,4,4,No,Web,No
11293,715,18,Sports,32321,10,4,NetBanking,1,2,No,Web,No
11294,502,35,Electronics,43132,30,1,Card,1,4,No,Web,No
11295,659,22,Beauty,28669,,4,NetBanking,2,5,No,Web,No
11296,726,35,Beauty,32028,0,2,NetBanking,2,3,No,Mobile,No
11297,768,22,Beauty,17876,,3,UPI,5,4,Yes,Mobile,Yes
11298,619,35,Home,29301,5,4,UPI,10,3,No,Mobile,Yes
11299,588,25,Fashion,18148,0,2,NetBanking,3,2,Yes,Web,No
11300,567,45,Electronics,690,30,1,NetBanking,4,4,No,Mobile,No
11301,597,22,Sports,22299,15,4,Card,5,4,No,Mobile,No
11302,766,35,Sports,45736,20,3,UPI,1,,Yes,Mobile,No
11303,604,,Fashion,11869,0,4,COD,,2,Yes,Mobile,No
11304,622,18,Beauty,13329,,2,UPI,2,2,No,Mobile,No
11305,528,25,Electronics,22790,20,3,NetBanking,7,1,No,Mobile,No
11306,636,25,Sports,46175,5,4,NetBanking,3,5,No,Web,No
11307,694,18,Sports,35628,,1,Card,5,4,No,Web,Yes
11308,725,35,Beauty,6167,15,3,Card,7,4,No,Web,No
11309,669,,Fashion,15584,5,1,UPI,3,2,No,Mobile,No
11310,508,30,Electronics,34279,15,2,Card,10,2,No,Web,No
11311,539,18,Fashion,9421,15,4,COD,10,5,Yes,Web,No
11312,524,35,Fashion,1839,20,1,COD,7,2,No,Mobile,No
11313,760,18,Electronics,25788,5,2,Card,2,3,No,Web,Yes
11314,725,18,Electronics,17327,5,4,COD,5,3,No,Mobile,No
11315,623,22,Sports,8993,0,2,COD,5,,No,Web,Yes
11316,537,35,Sports,9221,,1,UPI,10,3,No,Mobile,No
11317,750,30,Electronics,10610,5,2,COD,3,3,Yes,Mobile,No
11318,675,45,Home,45812,0,3,NetBanking,7,5,No,Web,Yes
11319,589,22,Sports,31208,10,4,NetBanking,2,4,Yes,Mobile,Yes
11320,536,18,Home,4686,10,2,UPI,1,3,Yes,Web,No
11321,675,45,Electronics,32563,10,1,Card,5,,Yes,Mobile,No
11322,783,40,Sports,28712,30,4,UPI,,2,No,Web,Yes
11323,580,45,Fashion,17603,5,3,Card,1,3,No,Web,No
11324,613,18,Electronics,12542,30,4,Card,2,,No,Mobile,No
11325,539,18,Beauty,47325,,3,Card,10,5,No,Web,Yes
11326,723,,Home,9247,5,4,Card,,2,No,Web,No
11327,614,35,Electronics,47014,0,2,Card,5,,No,Web,No
11328,685,35,Electronics,6230,30,2,UPI,5,3,No,Mobile,No
11329,555,22,Sports,38470,30,1,Card,7,4,No,Mobile,No
11330,539,30,Sports,49085,,3,COD,,2,No,Web,Yes
11331,539,22,Sports,807,30,1,COD,1,2,No,Web,Yes
11332,736,25,Beauty,1736,15,2,Card,10,4,No,Mobile,Yes
11333,788,18,Sports,27451,0,3,COD,7,2,No,Mobile,No
11334,761,45,Electronics,11918,10,1,NetBanking,4,3,Yes,Web,No
11335,715,40,Sports,9050,0,1,UPI,1,2,Yes,Mobile,No
11336,646,18,Fashion,16422,15,1,UPI,1,3,No,Mobile,No
11337,667,18,Sports,7654,,1,Card,4,4,No,Web,No
11338,591,22,Beauty,44362,,1,Card,2,1,Yes,Mobile,No
11339,558,40,Fashion,31279,5,3,NetBanking,,4,No,Mobile,No
11340,558,40,Electronics,21200,0,1,Card,,3,Yes,Mobile,Yes
11341,668,40,Electronics,14140,,3,COD,2,5,No,Web,Yes
11342,768,22,Home,37467,30,1,NetBanking,5,4,No,Mobile,No
11343,544,18,Fashion,5337,,2,COD,3,5,No,Web,No
11344,680,22,Home,28933,,2,UPI,7,5,Yes,Mobile,No
11345,669,35,Fashion,24795,,1,COD,3,3,Yes,Mobile,No
11346,690,35,Fashion,16148,,4,UPI,5,3,No,Web,Yes
11347,654,22,Beauty,36783,10,2,COD,,1,Yes,Web,No
11348,687,40,Home,47945,10,3,UPI,3,,No,Web,No
11349,506,,Beauty,8137,5,1,Card,1,2,No,Web,No
11350,632,18,Fashion,34369,,3,COD,1,4,Yes,Mobile,No
11351,734,22,Electronics,7670,0,4,UPI,4,3,Yes,Web,No
11352,544,22,Fashion,6711,15,1,COD,4,4,No,Web,No
11353,748,22,Beauty,39433,5,2,NetBanking,5,,Yes,Web,No
11354,530,,Home,30799,0,3,Card,5,,Yes,Mobile,No
11355,522,,Home,30525,,2,UPI,10,5,No,Mobile,No
11356,659,25,Beauty,48517,20,2,NetBanking,5,2,No,Web,Yes
11357,657,35,Home,992,,1,COD,1,1,No,Web,Yes
11358,538,45,Sports,29226,10,3,NetBanking,3,4,Yes,Web,Yes
11359,581,40,Electronics,34546,15,4,COD,7,2,No,Web,Yes
11360,757,30,Electronics,39464,30,2,Card,10,1,No,Mobile,No
11361,705,,Electronics,8748,15,1,NetBanking,10,4,No,Web,No
11362,576,45,Home,43690,30,1,Card,,2,No,Mobile,Yes
11363,511,,Home,49893,15,4,UPI,10,3,No,Web,Yes
11364,794,40,Fashion,10373,10,1,COD,5,4,No,Web,Yes
11365,723,30,Fashion,35714,30,2,COD,5,2,Yes,Mobile,No
11366,512,25,Electronics,5509,0,1,Card,1,,No,Web,No
11367,545,22,Sports,6833,30,3,Card,7,1,No,Web,No
11368,654,25,Fashion,21361,5,3,UPI,1,2,No,Web,No
11369,612,,Fashion,7511,0,2,NetBanking,7,3,No,Web,Yes
11370,732,25,Home,10227,5,3,COD,1,4,Yes,Mobile,No
11371,516,45,Sports,12227,,4,COD,3,4,No,Web,Yes
11372,722,18,Electronics,24894,15,1,UPI,,4,No,Web,No
11373,687,,Fashion,9616,0,2,UPI,5,3,No,Mobile,No
11374,662,,Sports,12477,15,4,Card,2,1,Yes,Web,No
11375,573,45,Sports,11146,,1,Card,2,4,No,Mobile,No
11376,732,35,Electronics,8233,20,4,NetBanking,,1,No,Web,No
11377,723,30,Sports,38544,15,2,UPI,5,2,No,Web,Yes
11378,559,22,Sports,46921,,2,NetBanking,10,,No,Web,Yes
11379,721,45,Sports,40996,15,4,UPI,5,,No,Mobile,No
11380,536,30,Fashion,2380,,1,COD,5,1,No,Mobile,No
11381,777,40,Electronics,6389,5,3,UPI,,1,No,Web,Yes
11382,695,30,Sports,26423,,3,UPI,5,,No,Mobile,No
11383,741,40,Sports,8097,30,4,COD,10,4,No,Web,No
11384,718,45,Fashion,8646,20,2,UPI,7,5,No,Mobile,No
11385,691,,Electronics,20178,15,1,NetBanking,,5,No,Web,No
11386,516,,Home,33972,,1,Card,3,3,No,Mobile,No
11387,511,35,Fashion,17953,,2,Card,2,,Yes,Web,No
11388,692,45,Electronics,49856,15,3,NetBanking,,,No,Mobile,No
11389,521,40,Sports,43042,20,1,COD,4,3,No,Mobile,No
11390,619,30,Electronics,26440,20,4,UPI,2,5,No,Mobile,No
11391,709,30,Electronics,1484,,3,NetBanking,2,2,No,Mobile,No
11392,769,40,Electronics,34793,0,4,Card,10,4,Yes,Web,Yes
11393,691,25,Home,44448,5,3,Card,1,4,No,Web,Yes
11394,674,35,Electronics,25146,20,2,NetBanking,5,2,No,Mobile,No
11395,784,18,Home,46125,20,4,Card,5,2,Yes,Web,No
11396,703,,Sports,22495,10,4,NetBanking,5,5,No,Mobile,No
11397,663,22,Home,5906,30,2,Card,1,3,No,Web,Yes
11398,750,30,Sports,4256,20,4,NetBanking,10,2,Yes,Mobile,Yes
11399,726,22,Sports,16855,5,3,UPI,,3,No,Web,No
11400,506,18,Home,25149,30,1,UPI,3,1,No,Web,Yes
11401,528,45,Fashion,18990,30,1,UPI,3,4,Yes,Mobile,Yes
11402,532,22,Beauty,49149,15,2,UPI,10,5,No,Mobile,No
11403,633,18,Electronics,26647,15,3,Card,4,4,No,Mobile,Yes
11404,578,,Beauty,33489,15,4,COD,3,5,No,Mobile,No
11405,557,40,Electronics,38608,15,4,NetBanking,10,1,Yes,Mobile,No
11406,525,25,Electronics,26085,10,1,COD,,4,No,Web,Yes
11407,725,,Sports,49356,20,4,Card,3,1,No,Mobile,No
11408,784,30,Electronics,32998,15,1,Card,5,5,No,Web,No
11409,503,18,Electronics,16266,,2,COD,7,2,No,Mobile,No
11410,598,22,Home,31397,0,4,COD,10,4,No,Web,No
11411,538,30,Beauty,16182,15,3,Card,2,1,Yes,Web,No
11412,770,25,Home,4975,20,4,Card,3,,No,Mobile,No
11413,784,40,Electronics,42150,15,1,NetBanking,3,4,No,Mobile,No
11414,656,45,Sports,13309,10,2,UPI,1,4,No,Web,No
11415,574,30,Home,28143,5,1,UPI,4,4,No,Web,Yes
11416,787,45,Home,30093,5,4,NetBanking,7,3,No,Mobile,Yes
11417,629,18,Fashion,39816,20,1,COD,,1,No,Web,Yes
11418,674,25,Electronics,39171,,1,Card,1,1,No,Web,No
11419,583,22,Sports,18157,5,2,COD,5,4,Yes,Web,Yes
11420,521,25,Home,19927,5,3,UPI,2,2,No,Web,No
11421,526,25,Home,18865,0,4,UPI,4,4,No,Web,No
11422,694,35,Sports,26325,20,2,COD,1,3,No,Web,Yes
11423,735,25,Electronics,28132,,3,UPI,10,5,No,Mobile,No
11424,591,25,Fashion,44416,20,1,Card,3,3,No,Mobile,No
11425,520,,Home,10082,5,3,NetBanking,3,2,No,Mobile,Yes
11426,583,30,Fashion,38950,5,1,COD,4,4,No,Mobile,No
11427,761,22,Beauty,22666,5,1,Card,3,1,No,Web,No
11428,646,,Electronics,28857,30,2,Card,10,,No,Mobile,No
11429,756,,Beauty,6098,10,1,UPI,1,4,No,Web,Yes
11430,557,30,Beauty,9927,15,2,Card,1,2,Yes,Web,No
11431,514,30,Beauty,41483,10,3,COD,3,1,Yes,Mobile,No
11432,661,18,Electronics,12766,20,3,Card,3,3,No,Mobile,No
11433,662,30,Electronics,42914,0,1,NetBanking,5,5,Yes,Web,Yes
11434,780,35,Sports,13020,15,2,Card,2,5,No,Mobile,No
11435,779,35,Fashion,42213,0,1,Card,,4,Yes,Mobile,No
11436,511,,Fashion,37592,,2,NetBanking,4,3,No,Web,No
11437,773,45,Sports,6859,30,2,Card,1,,Yes,Web,No
11438,770,18,Sports,40688,20,2,Card,4,,No,Web,No
11439,707,45,Beauty,19458,30,3,UPI,5,2,No,Web,No
11440,526,45,Sports,31216,20,2,COD,1,5,No,Web,No
11441,571,,Home,22357,0,3,UPI,5,3,No,Web,No
11442,559,40,Fashion,36192,0,2,COD,5,4,No,Mobile,Yes
11443,644,,Sports,41739,0,3,NetBanking,7,1,No,Mobile,No
11444,592,22,Home,12006,20,4,NetBanking,3,4,Yes,Mobile,No
11445,507,22,Home,12370,5,3,NetBanking,10,4,No,Web,Yes
11446,578,30,Home,41202,0,3,COD,7,3,No,Web,No
11447,526,30,Home,1224,30,1,COD,,5,No,Mobile,Yes
11448,673,40,Beauty,26778,,2,COD,4,3,Yes,Mobile,No
11449,549,30,Home,5806,15,4,NetBanking,10,1,No,Mobile,No
11450,698,22,Beauty,46718,20,1,COD,4,3,No,Web,Yes
11451,680,45,Beauty,35463,30,2,Card,3,2,No,Mobile,No
11452,523,,Home,24904,10,4,UPI,10,4,No,Mobile,Yes
11453,545,25,Fashion,15610,,4,NetBanking,7,5,Yes,Mobile,No
11454,514,35,Home,8526,10,4,UPI,4,,No,Web,No
11455,652,25,Home,12081,15,2,Card,7,1,No,Mobile,No
11456,721,25,Home,5815,5,4,COD,3,,No,Mobile,Yes
11457,705,22,Fashion,36433,0,4,UPI,10,4,No,Web,Yes
11458,772,25,Electronics,17272,20,1,Card,10,3,No,Web,No
11459,735,,Electronics,32392,30,3,Card,1,,Yes,Web,No
11460,727,40,Beauty,11710,0,2,UPI,5,2,No,Web,Yes
11461,508,18,Beauty,19822,30,3,NetBanking,5,3,No,Web,Yes
11462,665,30,Fashion,9395,20,1,UPI,7,4,No,Mobile,Yes
11463,713,18,Sports,23347,10,3,NetBanking,10,,Yes,Mobile,No
11464,616,45,Electronics,20770,0,4,COD,4,1,No,Web,No
11465,571,,Beauty,43429,15,4,NetBanking,7,,Yes,Web,Yes
11466,563,,Electronics,8831,5,2,COD,7,,No,Web,No
11467,704,35,Fashion,37338,15,2,UPI,2,5,No,Web,Yes
11468,708,,Fashion,22703,5,2,COD,,,No,Mobile,No
11469,571,30,Sports,42974,,1,Card,10,4,Yes,Mobile,No
11470,776,,Sports,29422,30,2,COD,5,1,Yes,Web,No
11471,773,25,Fashion,17240,0,1,NetBanking,10,4,Yes,Web,No
11472,594,35,Beauty,30131,0,4,NetBanking,3,2,No,Web,No
11473,665,30,Electronics,11579,,3,NetBanking,7,3,Yes,Web,No
11474,531,40,Home,38520,5,4,COD,2,,No,Mobile,No
11475,510,40,Sports,6777,10,4,NetBanking,2,5,No,Web,No
11476,716,40,Home,17700,20,4,NetBanking,5,1,No,Web,Yes
11477,788,40,Beauty,6770,15,2,Card,5,5,No,Mobile,No
11478,601,25,Sports,2362,,2,COD,5,5,Yes,Web,No
11479,766,,Home,42098,30,2,Card,3,5,No,Mobile,Yes
11480,713,18,Beauty,20180,,3,NetBanking,2,,Yes,Web,Yes
11481,678,30,Electronics,34881,15,2,NetBanking,4,1,No,Web,No
11482,587,25,Beauty,44739,15,1,NetBanking,3,1,No,Mobile,Yes
11483,540,40,Sports,14608,30,4,COD,1,5,No,Web,No
11484,575,45,Fashion,26327,30,3,UPI,,3,No,Mobile,No
11485,545,,Electronics,31020,0,3,NetBanking,,,No,Mobile,No
11486,659,18,Home,35381,15,3,NetBanking,7,,Yes,Mobile,No
11487,579,45,Sports,10006,20,3,NetBanking,,4,No,Web,No
11488,585,35,Fashion,10137,20,3,NetBanking,5,,Yes,Web,No
11489,591,45,Beauty,38899,5,1,COD,2,5,No,Mobile,Yes
11490,647,35,Fashion,37124,,4,UPI,,2,No,Web,No
11491,660,35,Sports,33373,30,3,UPI,7,5,No,Web,Yes
11492,701,40,Sports,47415,0,4,UPI,,1,No,Web,Yes
11493,741,35,Fashion,32388,20,2,NetBanking,10,,No,Mobile,No
11494,501,22,Beauty,28412,10,3,NetBanking,3,,No,Mobile,Yes
11495,724,30,Fashion,26599,0,3,UPI,1,4,No,Web,No
11496,788,30,Sports,34757,0,4,UPI,10,2,No,Mobile,Yes
11497,732,40,Sports,30363,20,3,NetBanking,3,,No,Web,Yes
11498,576,22,Home,4217,10,3,NetBanking,3,4,Yes,Web,Yes
11499,615,45,Home,3236,5,3,Card,4,4,No,Web,Yes
11500,653,25,Electronics,36930,20,1,Card,,2,No,Mobile,No
11501,602,45,Sports,14806,10,1,Card,7,5,Yes,Mobile,No
11502,693,,Home,29105,0,3,UPI,4,5,No,Web,No
11503,665,25,Fashion,14618,10,1,COD,3,5,No,Mobile,No
11504,589,35,Beauty,48368,0,2,NetBanking,,3,Yes,Web,Yes
11505,673,18,Fashion,26326,,3,Card,1,5,No,Mobile,No
11506,621,25,Beauty,27972,20,2,COD,2,2,No,Mobile,Yes
11507,642,18,Home,38717,30,4,NetBanking,2,3,No,Mobile,No
11508,605,30,Electronics,27581,20,2,COD,,5,No,Web,No
11509,622,18,Fashion,48742,,4,UPI,10,3,No,Web,No
11510,508,30,Fashion,28391,15,3,UPI,7,2,Yes,Web,No
11511,761,22,Fashion,38628,15,4,UPI,5,5,No,Mobile,No
11512,572,22,Beauty,48519,15,4,Card,5,1,No,Web,No
11513,722,40,Home,18910,20,2,NetBanking,2,,No,Web,No
11514,540,40,Fashion,1379,5,2,UPI,3,2,No,Web,Yes
11515,703,35,Fashion,30150,20,2,Card,3,4,No,Web,No
11516,763,25,Electronics,47051,,3,Card,4,4,No,Mobile,No
11517,677,35,Electronics,20890,,3,Card,,2,No,Mobile,No
11518,583,30,Home,31251,30,2,Card,7,4,No,Web,Yes
11519,610,35,Home,15627,10,3,UPI,,2,No,Mobile,No
11520,750,18,Sports,13055,20,3,Card,,1,No,Mobile,No
11521,506,30,Electronics,7535,20,4,UPI,4,2,No,Mobile,No
11522,583,40,Sports,17497,0,4,UPI,5,5,Yes,Mobile,Yes
11523,707,22,Beauty,21773,,2,Card,,5,No,Mobile,No
11524,521,40,Sports,2331,0,3,UPI,2,3,No,Web,No
11525,502,25,Fashion,41582,0,4,NetBanking,10,4,No,Mobile,No
11526,626,30,Sports,42163,20,1,NetBanking,,,No,Web,No
11527,796,30,Home,14587,5,3,COD,3,4,No,Web,No
11528,687,18,Beauty,38979,10,1,NetBanking,,2,No,Web,Yes
11529,513,25,Fashion,44763,10,2,UPI,2,,No,Mobile,Yes
11530,511,22,Sports,32530,,3,UPI,1,,No,Mobile,No
11531,586,45,Beauty,19337,30,2,NetBanking,2,4,Yes,Mobile,No
11532,511,30,Beauty,27352,,2,Card,1,,Yes,Mobile,Yes
11533,524,30,Fashion,3640,5,2,Card,4,,No,Web,No
11534,742,18,Sports,40944,5,2,UPI,4,5,No,Web,No
11535,621,35,Beauty,48964,10,2,Card,5,1,No,Web,No
11536,646,,Beauty,45503,15,3,COD,2,2,No,Mobile,Yes
11537,554,22,Electronics,1441,0,1,COD,2,4,No,Web,Yes
11538,737,40,Beauty,25725,0,3,NetBanking,1,5,No,Web,No
11539,672,25,Electronics,19581,10,3,NetBanking,4,3,No,Web,No
11540,720,30,Sports,42349,,3,Card,1,,Yes,Mobile,No
11541,618,30,Sports,20725,5,4,UPI,4,,No,Web,No
11542,682,40,Sports,35106,,4,NetBanking,1,4,No,Web,No
11543,787,22,Home,32413,30,3,COD,4,1,No,Mobile,No
11544,799,,Sports,4570,15,1,NetBanking,1,1,No,Web,No
11545,581,35,Beauty,43114,10,3,NetBanking,10,4,No,Mobile,No
11546,710,30,Fashion,4983,0,2,COD,4,4,Yes,Web,No
11547,649,,Electronics,49946,20,4,UPI,7,5,No,Mobile,Yes
11548,536,22,Home,40184,,4,NetBanking,1,4,Yes,Mobile,No
11549,558,40,Sports,30109,5,3,NetBanking,2,3,Yes,Mobile,Yes
11550,630,18,Sports,34852,20,3,NetBanking,5,5,No,Web,No
11551,701,35,Fashion,4086,30,1,Card,7,,Yes,Web,No
11552,742,25,Fashion,21950,10,1,NetBanking,7,,No,Mobile,Yes
11553,534,30,Home,29006,,2,COD,1,,No,Mobile,No
11554,592,22,Electronics,9490,0,3,UPI,5,,No,Mobile,No
11555,706,18,Sports,38496,,3,UPI,2,2,Yes,Mobile,No
11556,712,25,Home,39749,15,3,COD,7,3,No,Mobile,Yes
11557,658,45,Beauty,39961,20,4,Card,2,5,No,Mobile,No
11558,523,22,Beauty,30009,15,2,COD,4,5,Yes,Mobile,Yes
11559,792,22,Home,45729,30,1,UPI,,,No,Mobile,Yes
11560,503,25,Sports,15192,0,4,COD,10,1,No,Mobile,Yes
11561,719,18,Home,9943,20,4,Card,,5,No,Mobile,Yes
11562,519,45,Sports,10243,30,4,UPI,,3,No,Mobile,No
11563,651,,Fashion,43540,15,4,Card,5,4,Yes,Mobile,No
11564,549,,Home,46060,15,2,COD,10,3,No,Web,No
11565,676,40,Sports,21342,20,3,NetBanking,3,,No,Mobile,No
11566,595,18,Home,44194,0,1,COD,4,,Yes,Web,Yes
11567,604,35,Home,7169,15,1,Card,5,2,No,Web,No
11568,749,30,Sports,40737,10,4,COD,1,5,No,Web,Yes
11569,616,25,Sports,44606,30,4,NetBanking,10,5,No,Mobile,No
11570,727,40,Electronics,43133,20,2,Card,1,5,No,Web,No
11571,565,45,Home,21218,5,4,COD,2,,No,Mobile,Yes
11572,761,25,Beauty,28679,5,1,Card,,5,No,Web,No
11573,794,25,Home,43239,0,1,Card,7,1,No,Mobile,Yes
11574,742,18,Home,25574,10,3,UPI,10,1,Yes,Mobile,No
11575,685,30,Sports,17996,15,3,UPI,3,4,No,Web,Yes
11576,745,35,Home,3262,5,1,Card,1,5,Yes,Web,No
11577,624,,Home,14151,0,1,COD,5,2,Yes,Mobile,Yes
11578,767,22,Beauty,46047,30,2,COD,10,4,No,Web,No
11579,630,22,Sports,5596,10,2,COD,10,,No,Mobile,No
11580,736,25,Home,15045,10,1,NetBanking,7,5,No,Mobile,No
11581,517,,Fashion,6030,,4,Card,7,1,No,Mobile,No
11582,539,,Electronics,14221,0,3,Card,5,2,No,Web,No
11583,520,30,Beauty,33194,0,1,NetBanking,7,4,No,Mobile,No
11584,724,45,Home,5902,,4,Card,1,2,No,Mobile,Yes
11585,781,45,Fashion,17875,15,1,Card,5,5,No,Mobile,Yes
11586,507,40,Home,19323,0,3,NetBanking,,3,No,Mobile,No
11587,599,18,Home,45649,,3,UPI,5,2,No,Web,No
11588,739,30,Sports,16297,15,2,Card,2,2,No,Web,No
11589,586,30,Sports,18050,15,2,NetBanking,3,,No,Web,Yes
11590,797,18,Sports,42279,20,2,COD,10,1,No,Web,No
11591,513,,Fashion,23137,10,2,UPI,2,5,No,Mobile,Yes
11592,501,45,Home,15297,30,3,COD,3,2,No,Mobile,No
11593,792,45,Electronics,39739,10,4,Card,5,5,No,Mobile,No
11594,540,,Beauty,23367,10,4,UPI,10,1,No,Mobile,Yes
11595,610,45,Sports,45339,20,4,NetBanking,7,,No,Mobile,No
11596,513,25,Sports,21223,15,1,Card,3,5,No,Mobile,Yes
11597,730,30,Home,9176,15,2,NetBanking,5,1,No,Web,No
11598,583,22,Home,3187,0,2,UPI,5,1,No,Mobile,No
11599,629,18,Fashion,42722,20,3,COD,2,4,No,Mobile,No
11600,730,45,Fashion,37154,0,3,Card,2,,No,Mobile,No
